arch,mode,spawn_seed,repeats,catches_mean,catches_std,catch_rate_per_minute_mean,catch_rate_per_minute_std,capture_success_mean,capture_success_std,time_to_first_catch_s_mean,time_to_first_catch_s_std,time_to_competence_s_mean,time_to_competence_s_std,learning_auc_mean,learning_auc_std,flies_per_energy_spent_mean,flies_per_energy_spent_std,net_energy_balance_per_catch_mean,net_energy_balance_per_catch_std,movement_efficiency_px_per_catch_mean,movement_efficiency_px_per_catch_std,visible_but_ignored_ratio_mean,visible_but_ignored_ratio_std,avg_acceleration_px_s2_mean,avg_acceleration_px_s2_std,avg_jerk_px_s3_mean,avg_jerk_px_s3_std,tongue_usage_ratio_mean,tongue_usage_ratio_std,reaction_latency_mean_s_mean,reaction_latency_mean_s_std,ttc_mean_s_mean,ttc_mean_s_std,compute_per_catch_s_mean,compute_per_catch_s_std,catch_rate_low_energy_mean,catch_rate_low_energy_std,catch_rate_mid_energy_mean,catch_rate_mid_energy_std,catch_rate_high_energy_mean,catch_rate_high_energy_std,strike_rate_low_energy_mean,strike_rate_low_energy_std,strike_rate_mid_energy_mean,strike_rate_mid_energy_std,strike_rate_high_energy_mean,strike_rate_high_energy_std,wall_clock_s_mean,wall_clock_s_std,adult_time_s_mean,adult_time_s_std,avg_spike_rate_mean,avg_spike_rate_std,avg_spike_count_mean,avg_spike_count_std,spikes_per_catch_mean,spikes_per_catch_std,avg_food_prediction_error_mean,avg_food_prediction_error_std,avg_hunger_bias_mean,avg_hunger_bias_std,avg_reward_seek_bias_mean,avg_reward_seek_bias_std,avg_predation_bias_mean,avg_predation_bias_std,avg_prey_permission_mean,avg_prey_permission_std,avg_fast_target_lock_mean,avg_fast_target_lock_std,avg_fast_loop_gate_mean,avg_fast_loop_gate_std,avg_fast_strike_drive_mean,avg_fast_strike_drive_std,avg_maturity_readiness_mean,avg_maturity_readiness_std,avg_maturity_stability_mean,avg_maturity_stability_std,study_key,study_label,study_family,study_role,arch_label_ru,arch_short_label,arch_folder_name,arch_family,arch_branch,chronology_group,chronology_order,homeostatic_catch_delta,homeostatic_strike_delta,avg_task_set_bias_mean,avg_task_set_bias_std
ANN,adult,0,5,104.6,28.359125515431536,6.276,1.701547530925892,1.0,0.0,0.13,0.0,5.25,0.9763605891267836,12.134641770385793,1.6892313026942112,0.19844883973657074,0.0009720002919145278,-0.03920335103268012,0.024751546532300328,9.300619116403542,2.775467057205081,3.757985719654265e-05,7.51597143930853e-05,9.213682569399086,0.5954244340220809,1406.9982330652304,91.42600635207316,1.0,0.0,0.15750997744795908,0.014236293604578655,0.7635270825795748,0.03210736687636381,0.1899385784976099,0.055637887888321455,3.880209305365862,3.954386092822372,1.7741784992512888,0.34135513108017745,8.488139443274203,2.086070658298852,3.880209305365862,3.954386092822372,1.7741784992512888,0.34135513108017745,8.394496814588795,2.073697400821259,18.33007354000001,0.22009566157386612,0.0,0.0,,,,,,,0.0,0.0,,,,,,,,,,,,,,,0.0,0.0,0.0,0.0,ann_snn_baseline,Базовое сравнение ANN/SNN,baseline,main_baseline,ANN (frog_lib_ann),ANN,frog_lib_ann,ANN,baseline,baseline,10,,,,
ANN,adult,1,5,109.4,21.434551546510136,6.564,1.2860730927906079,1.0,0.0,0.132,0.0040000000000000036,5.61,0.9176491704349763,11.895864512533569,1.129641169108757,0.19470629281265614,0.00215257296901033,-0.13656959712962105,0.05687631381949713,8.518395265487072,1.8555688780672932,2.798376941374003e-05,5.596753882748006e-05,9.200287835174723,0.8336047513421893,1401.8038676402825,119.15045172465145,1.0,0.0,0.15895660901394565,0.007724615775525972,0.7781230476611511,0.06650828549758238,0.17194284803279908,0.03181957029358575,1.6596287292368452,0.7295403708427415,1.4165557087181113,0.3583849531093241,9.551871253916392,1.6293995511107924,1.6596287292368452,0.7295403708427415,1.4165557087181113,0.3583849531093241,9.516326588719563,1.6490285940189733,18.144522599995252,0.1827951099645364,0.0,0.0,,,,,,,0.0,0.0,,,,,,,,,,,,,,,0.0,0.0,0.0,0.0,ann_snn_baseline,Базовое сравнение ANN/SNN,baseline,main_baseline,ANN (frog_lib_ann),ANN,frog_lib_ann,ANN,baseline,baseline,10,,,,
ANN,adult,2,5,142.4,25.40551121312067,8.544,1.5243306727872403,1.0,0.0,0.148,0.036,25.016,25.22609965888504,13.296714662461394,2.942943458623696,0.1983340726534405,0.001409870583917994,-0.04225281746996243,0.03584518120693071,6.41076615985029,1.2392994762069025,0.0,0.0,9.315127621631332,0.3741136959162812,1422.8146860642403,50.68988729210479,1.0,0.0,0.15791636722553054,0.007634335550029556,0.751585400113626,0.029205953850592815,0.13311015865830275,0.025894340258229096,3.005162351791081,0.29880240591816287,1.5493110058015218,0.5137475344933351,11.660668260703885,2.0418467296170326,3.005162351791081,0.29880240591816287,1.5493110058015218,0.5137475344933351,11.572526394973895,2.0403476454750997,18.308828399999765,0.27369047797743035,0.0,0.0,,,,,,,0.0,0.0,,,,,,,,,,,,,,,0.0,0.0,0.0,0.0,ann_snn_baseline,Базовое сравнение ANN/SNN,baseline,main_baseline,ANN (frog_lib_ann),ANN,frog_lib_ann,ANN,baseline,baseline,10,,,,
ANN,adult,3,5,112.8,17.71327186038762,6.767999999999999,1.0627963116232575,1.0,0.0,0.14,0.0,29.792,28.706251165904614,10.375348797664659,3.518293895870207,0.19839726180420086,0.0014420090377999116,-0.04065970484699593,0.03681263115002851,8.116508219183117,1.6678144651542794,0.00011120378092855157,0.00022240756185710315,9.32333263508821,0.6254004789837165,1432.3560527244067,92.85342461887592,1.0,0.0,0.15171415692129347,0.009889525304300744,0.7690774965385405,0.06162291164263182,0.13978066308955656,0.029559845381937996,13.169001525749682,8.849347098103816,1.5044355646250338,0.3106954240531284,10.098896409451834,2.4714150407810735,13.169001525749682,8.849347098103816,1.5044355646250338,0.3106954240531284,10.059538992754089,2.444845013927281,15.261254400000325,0.7697749268006496,0.0,0.0,,,,,,,0.0,0.0,,,,,,,,,,,,,,,0.0,0.0,0.0,0.0,ann_snn_baseline,Базовое сравнение ANN/SNN,baseline,main_baseline,ANN (frog_lib_ann),ANN,frog_lib_ann,ANN,baseline,baseline,10,,,,
ANN,adult,4,5,115.4,23.686282950264694,6.9239999999999995,1.421176977015882,1.0,0.0,0.134,0.007999999999999997,4.112,1.0231989053942543,12.041423406403542,2.733287885980634,0.19710938256089602,0.0016216126049155876,-0.07366853344265469,0.0417320789912397,8.055243573223537,1.4986742139877143,2.762812543168946e-05,5.525625086337892e-05,9.39228194507238,0.3243569085551346,1432.6250759961345,47.403257559713474,1.0,0.0,0.15561087572559523,0.012128708015983532,0.7264887776652167,0.023142555718417085,0.1321574679946143,0.02401200180172113,14.867237217467785,1.2617950405968843,1.4931029286811703,0.25057645052247446,9.881935391814599,1.784976938341593,14.867237217467785,1.2617950405968843,1.4931029286811703,0.25057645052247446,9.80679822996576,1.7679615654737022,14.688425760000246,0.06290376360781808,0.0,0.0,,,,,,,0.0,0.0,,,,,,,,,,,,,,,0.0,0.0,0.0,0.0,ann_snn_baseline,Базовое сравнение ANN/SNN,baseline,main_baseline,ANN (frog_lib_ann),ANN,frog_lib_ann,ANN,baseline,baseline,10,,,,
ANN,adult,5,5,87.4,43.85704048382654,5.244,2.631422429029592,1.0,0.0,0.484,0.16069847541280532,54.048,21.44013843238891,9.147293773016262,2.40193664706248,0.1915843253704927,0.006082103417426535,-0.22496938002472508,0.16811854548723218,12.247211308538143,4.02808399018734,7.491772815070884e-05,9.436950636564235e-05,9.124449576324677,0.4475030504889902,1405.0013654480827,56.486845399811166,1.0,0.0,0.16288068941475037,0.01685904792499635,0.8122465600694303,0.06791973939168001,0.19922175183168575,0.06444247448804744,2.036829133186894,2.149347968930282,1.3169499532411848,0.3973342645934909,8.787133981717307,2.959519510849178,2.036829133186894,2.149347968930282,1.3169499532411848,0.3973342645934909,8.748117110461578,2.937484306963128,14.690732660004869,0.14690622747282214,0.0,0.0,,,,,,,0.0,0.0,,,,,,,,,,,,,,,0.0,0.0,0.0,0.0,ann_snn_baseline,Базовое сравнение ANN/SNN,baseline,main_baseline,ANN (frog_lib_ann),ANN,frog_lib_ann,ANN,baseline,baseline,10,,,,
ANN,adult,6,5,108.0,24.51122191976565,6.4799999999999995,1.4706733151859386,1.0,0.0,0.612,0.1946689497583012,29.577999999999996,20.845799001237637,11.573352308376807,2.52119734313577,0.19414312823767257,0.002817187971429571,-0.15191984054822127,0.07449203998198746,8.891041157345368,1.823666677929649,1.7562346329469618e-05,3.5124692658939236e-05,8.685649621665808,0.4413182378867201,1334.7187684592568,65.90492446853953,1.0,0.0,0.15602762166969622,0.01024559962918472,0.7692348178801491,0.045431119535729404,0.1447954311602276,0.026073634191487515,3.8355966933698755,3.5354222775266506,1.1772897832884277,0.340329600646021,9.316031023841834,2.2278195184341767,3.8355966933698755,3.5354222775266506,1.1772897832884277,0.340329600646021,9.259215005005208,2.186558102002422,15.018971620002413,0.5386728870093506,0.0,0.0,,,,,,,0.0,0.0,,,,,,,,,,,,,,,0.0,0.0,0.0,0.0,ann_snn_baseline,Базовое сравнение ANN/SNN,baseline,main_baseline,ANN (frog_lib_ann),ANN,frog_lib_ann,ANN,baseline,baseline,10,,,,
ANN,adult,7,5,93.6,16.98940846527624,5.616,1.0193645079165743,1.0,0.0,0.178,0.011661903789690599,15.936000000000002,21.089307812254056,11.520491464670588,1.776804151017767,0.1918242316869039,0.0060527543198451135,-0.2183524294141078,0.1663315814774573,9.87678121993566,2.3463244902916953,0.0,0.0,9.231252549034929,0.4673162263918541,1411.982837512946,64.0195941410544,1.0,0.0,0.15295758192332404,0.014460359188927626,0.7729323173062261,0.051380139437296926,0.1839787371648653,0.04252594785925679,1.0713300709396736,1.1282748264247329,1.224342365385643,0.18101949941338807,9.323670214955076,1.7139790780371558,1.0713300709396736,1.1282748264247329,1.224342365385643,0.18101949941338807,9.323670214955076,1.7139790780371558,16.504618879998453,0.4989726206402592,0.0,0.0,,,,,,,0.0,0.0,,,,,,,,,,,,,,,0.0,0.0,0.0,0.0,ann_snn_baseline,Базовое сравнение ANN/SNN,baseline,main_baseline,ANN (frog_lib_ann),ANN,frog_lib_ann,ANN,baseline,baseline,10,,,,
ANN,adult,8,5,111.8,35.73457709278228,6.708,2.1440746255669363,1.0,0.0,0.132,0.0040000000000000036,4.708,0.4413343403815298,13.623786798824355,1.5202189825368086,0.19461235485203845,0.00400364409901507,-0.1406298307209604,0.1074313183131157,8.82000685987191,2.310060173617649,7.055258047635505e-05,0.00010599660360772751,9.024933889887222,0.3846338740313438,1394.1065663747781,61.03664408941173,1.0,0.0,0.16280701122268454,0.010291508780183757,0.7615844100643494,0.03781903651695609,0.15972623868808494,0.037570872507483664,1.6926322501371391,0.7937683212827913,1.297173296689518,0.26704624993692894,9.382622564278924,1.705748483688325,1.4911818069461673,0.6780879585071538,1.327004007406217,0.2620528310016086,9.36890843529753,1.6842396158671145,16.55492621999874,0.46673625662543955,0.0,0.0,,,,,,,0.0,0.0,,,,,,,,,,,,,,,0.0,0.0,0.0,0.0,ann_snn_baseline,Базовое сравнение ANN/SNN,baseline,main_baseline,ANN (frog_lib_ann),ANN,frog_lib_ann,ANN,baseline,baseline,10,,,,
ANN,adult,9,5,98.4,37.27519282310958,5.903999999999999,2.2365115693865745,1.0,0.0,0.162,0.0040000000000000036,20.042,21.00336963441819,10.655900928751418,2.543339287826506,0.19553839065417822,0.005090199370598378,-0.1176872920221043,0.13837652854436056,10.503411250706122,3.812574578832413,2.7689325764917624e-05,5.537865152983525e-05,8.876118231688636,0.7494864240289983,1365.5602327584634,106.7626554977421,1.0,0.0,0.16615534777478413,0.008950281067037661,0.7844672760918866,0.047282178663703246,0.18370749291392569,0.06032120879208009,8.11248805797654,8.752653488276708,1.6407574895813195,0.6073598043989067,8.055655955418336,1.5547895932052531,8.11248805797654,8.752653488276708,1.6407574895813195,0.6073598043989067,7.96531815225404,1.5425822782691718,15.973462400003337,0.30353956095062506,0.0,0.0,,,,,,,0.0,0.0,,,,,,,,,,,,,,,0.0,0.0,0.0,0.0,ann_snn_baseline,Базовое сравнение ANN/SNN,baseline,main_baseline,ANN (frog_lib_ann),ANN,frog_lib_ann,ANN,baseline,baseline,10,,,,
ANN,developmental,0,5,118.4,24.344198487524704,7.103999999999999,1.4606519092514822,0.9987096774193548,0.002580645161290329,0.15,0.006324555320336755,30.088,28.589149270308834,11.819562707586808,2.253026689229954,0.19635117999894466,0.0034522944165905683,-0.09450964599889974,0.09066954430283372,7.036161579721773,1.7513794826363573,7.231423209491383e-05,3.888501270654704e-05,20.206797992701173,1.330005556365292,3107.4471511880774,196.83484692190666,1.0,0.0,0.15116132568591323,0.010738332812999631,0.8940932234955017,0.040021614848335295,0.14823921915823668,0.03414498213185,5.818833943833876,6.974203384881035,1.6046432043294228,0.5358780609961307,9.923322929996186,2.7513929228175584,5.818833943833876,6.974203384881035,1.5730218177316038,0.5591547760864402,9.961406077173953,2.797202874056357,16.750880200005486,0.5311990808985977,0.01,0.0,,,,,,,0.0,0.0,,,,,,,,,,,,,,,0.0,0.0,0.0,0.0,ann_snn_baseline,Базовое сравнение ANN/SNN,baseline,main_baseline,ANN (frog_lib_ann),ANN,frog_lib_ann,ANN,baseline,baseline,10,,,,
ANN,developmental,1,5,115.4,26.11972434770321,6.9239999999999995,1.5671834608621928,1.0,0.0,0.132,0.0040000000000000036,18.344,20.236421225107964,13.450976466663837,4.135418102657511,0.19546043462660267,0.002791012588511961,-0.11716920697430086,0.07313631891311786,7.20096720862716,1.5519301036599091,5.300341862588211e-05,4.4669458203313056e-05,20.23268439015712,1.1332593711348116,3124.6672701512543,171.73555157485114,1.0,0.0,0.1682838390301996,0.015066699125112234,0.9304761267001386,0.05077869876496602,0.1467902642402726,0.02866678404156016,5.003036541757055,6.669164570308327,1.5052631746910028,0.54012792226261,9.598142309392383,2.4442295590622716,5.003036541757055,6.669164570308327,1.5052631746910028,0.54012792226261,9.598142309392383,2.4442295590622716,16.20676112000074,0.2562733322218649,0.01,0.0,,,,,,,0.0,0.0,,,,,,,,,,,,,,,0.0,0.0,0.0,0.0,ann_snn_baseline,Базовое сравнение ANN/SNN,baseline,main_baseline,ANN (frog_lib_ann),ANN,frog_lib_ann,ANN,baseline,baseline,10,,,,
ANN,developmental,2,5,153.8,31.044484212175277,9.228,1.8626690527305163,1.0,0.0,0.192,0.06368673331236263,6.9239999999999995,0.9871089098979908,15.438771017964791,4.035929276755618,0.19719349617396598,0.0010802972728641523,-0.07131338393245551,0.027785502449584096,5.359965595661219,1.2215762940227015,5.2226859533558516e-05,4.398523164452361e-05,20.06905526041833,0.4802269720227908,3077.1187834340735,82.38138576714208,1.0,0.0,0.1523521494430343,0.00959708763021185,0.8579084205587236,0.01451190256179252,0.11045685061965627,0.02487998231950864,5.763053959920683,4.0195394271803675,1.2861267266977952,0.315989827470972,13.496992407130818,2.6484969661855926,5.763053959920683,4.0195394271803675,1.2861267266977952,0.315989827470972,13.496992407130818,2.6484969661855926,16.222986460002723,0.26765279130483954,0.01,0.0,,,,,,,0.0,0.0,,,,,,,,,,,,,,,0.0,0.0,0.0,0.0,ann_snn_baseline,Базовое сравнение ANN/SNN,baseline,main_baseline,ANN (frog_lib_ann),ANN,frog_lib_ann,ANN,baseline,baseline,10,,,,
ANN,developmental,3,5,100.8,5.946427498927402,6.048,0.35678564993564416,0.9981481481481481,0.0037037037037037203,0.17200000000000001,0.003999999999999992,54.117999999999995,23.430625599842614,9.144191566135799,1.1022491756027801,0.19692555917579518,0.0029841997710899626,-0.07923898688887254,0.07773878680801702,7.8380416415025564,0.6278202644000422,0.00010944527934404107,0.00014167388421054702,20.354058745806405,0.8660574869628062,3123.193408593931,130.72116356647516,1.0,0.0,0.14995708307707786,0.00925837785331411,0.9184390176386439,0.0360173247866146,0.16061201559295463,0.009692132479328984,18.246365546023448,28.830503060201913,1.483793715176839,0.39794428876860544,8.729338352339077,0.6988114921311696,18.246365546023448,28.830503060201913,1.483793715176839,0.39794428876860544,8.74821488409099,0.7112223826819651,16.133162360001005,0.2151087288130989,0.01,0.0,,,,,,,0.0,0.0,,,,,,,,,,,,,,,0.0,0.0,0.0,0.0,ann_snn_baseline,Базовое сравнение ANN/SNN,baseline,main_baseline,ANN (frog_lib_ann),ANN,frog_lib_ann,ANN,baseline,baseline,10,,,,
ANN,developmental,4,5,125.8,39.655516640185134,7.547999999999999,2.3793309984111075,1.0,0.0,0.15,0.01414213562373095,5.9719999999999995,1.063417133583995,11.787659663661646,0.7166135622481267,0.19647623760650001,0.004504793748702805,-0.09244179042444282,0.12072002977293457,6.880920319813756,2.230705987210496,0.00015984288831955137,9.402153720410284e-05,20.841294384613523,1.030058601243872,3205.6662529934865,143.17770663061467,1.0,0.0,0.14708994003997336,0.00791691446809533,0.8847487298546204,0.03841632363102563,0.14933275298881538,0.05214631818641952,0.0,0.0,1.7777436961679407,0.4560088822198947,9.540811240648818,2.1720846269991507,0.0,0.0,1.7777436961679407,0.4560088822198947,9.540811240648818,2.1720846269991507,16.85247678000305,0.35286770105920245,0.01,0.0,,,,,,,0.0,0.0,,,,,,,,,,,,,,,0.0,0.0,0.0,0.0,ann_snn_baseline,Базовое сравнение ANN/SNN,baseline,main_baseline,ANN (frog_lib_ann),ANN,frog_lib_ann,ANN,baseline,baseline,10,,,,
ANN,developmental,5,5,96.2,17.209299811439163,5.772,1.0325579886863498,1.0,0.0,0.89,0.3030511507980129,62.782,25.788307738197943,8.243459812747018,1.7183504111705565,0.19844812686213706,0.0009210706917838087,-0.03920900610536827,0.023438270041496834,8.4026322808961,2.0822336937561636,0.00011021249164282174,0.0001069140684025539,20.644647005700637,1.5654521801466525,3169.6916661274745,200.5433644717227,1.0,0.0,0.15841156940314743,0.0042235789889057225,1.0177986850774356,0.053934953570461956,0.1767201412079004,0.042481448997583875,1.8821966133452204,0.39225372782221646,1.672890930414754,0.2416863473591375,7.975368237134444,1.2196382332897695,1.8821966133452204,0.39225372782221646,1.672890930414754,0.2416863473591375,7.975368237134444,1.2196382332897695,16.28533100000059,0.8315735527900809,0.01,0.0,,,,,,,0.0,0.0,,,,,,,,,,,,,,,0.0,0.0,0.0,0.0,ann_snn_baseline,Базовое сравнение ANN/SNN,baseline,main_baseline,ANN (frog_lib_ann),ANN,frog_lib_ann,ANN,baseline,baseline,10,,,,
ANN,developmental,6,5,126.8,35.17612826904064,7.608,2.110567696142438,1.0,0.0,0.662,0.14274452704044382,33.836,26.46349908836698,10.610882648758341,2.6260571715779593,0.19806673491053986,0.0021652912020336985,-0.04941640804556743,0.05607650882029637,6.729873967794556,2.095260493879955,0.00019630284682898856,0.00014806552060287693,20.744676337407913,1.14077435646812,3189.067164077472,168.09944952451477,1.0,0.0,0.1598173750051414,0.005249829099876765,0.9326626668174363,0.034327066311338146,0.13019879172158827,0.034575745707228586,1.8888713993390158,0.0,1.779062147891656,0.2725901107624332,10.041157180691771,2.502046628264003,1.8888713993390158,0.0,1.779062147891656,0.2725901107624332,10.01983900694864,2.5224906326882417,15.346541619999334,0.4801971220859318,0.01,0.0,,,,,,,0.0,0.0,,,,,,,,,,,,,,,0.0,0.0,0.0,0.0,ann_snn_baseline,Базовое сравнение ANN/SNN,baseline,main_baseline,ANN (frog_lib_ann),ANN,frog_lib_ann,ANN,baseline,baseline,10,,,,
ANN,developmental,7,5,169.6,35.30778950883219,10.175999999999998,2.1184673705299306,0.9991031390134528,0.0017937219730941756,0.246,0.0349857113690718,6.388,3.3685925844482885,15.70007470183433,4.003543764377806,0.19768736869464648,0.001604773182344527,-0.05882571972623999,0.04109417118454201,4.665147231367088,1.0262685669351896,0.00012597151019993336,0.00010567223803931431,21.064411651951815,0.8077928736969469,3224.6720655477443,122.56777221539085,1.0,0.0,0.14595534052777145,0.010357750770588982,0.856887926907644,0.05071147549444404,0.1008475242288508,0.02041365809543817,111.82361556426387,156.6334543670669,4.498653298355075,6.2370898978665545,13.156298053248985,3.0005662014800447,111.82361556426387,156.6334543670669,4.498653298355075,6.2370898978665545,13.135970581030666,3.017197765761684,16.399447999999392,0.42327825360125965,0.01,0.0,,,,,,,0.0,0.0,,,,,,,,,,,,,,,0.0,0.0,0.0,0.0,ann_snn_baseline,Базовое сравнение ANN/SNN,baseline,main_baseline,ANN (frog_lib_ann),ANN,frog_lib_ann,ANN,baseline,baseline,10,,,,
ANN,developmental,8,5,124.2,14.496896219536097,7.452,0.8698137731721659,1.0,0.0,0.156,0.04715930449020638,5.052,0.8608460954200814,16.228023808819092,3.0310165448917705,0.1947199484021083,0.0034694510971928377,-0.13722321581815405,0.09219869662347589,6.358108685429919,0.7408804546037732,6.161680320081649e-05,8.915228975569339e-05,20.464854637035653,0.8870376613164221,3135.090417129182,128.48472927831253,1.0,0.0,0.1386355382471784,0.006888912524966723,0.8393816706509872,0.0506115436370578,0.1350289599182399,0.019370464474134968,0.5888222599389578,0.6038865269857105,1.212604822614193,0.6036977855933817,12.510106108181002,3.9692484718641095,0.5888222599389578,0.6038865269857105,1.212604822614193,0.6036977855933817,12.474600105647331,3.997010726567822,16.49881896000006,0.5986755946567826,0.01,0.0,,,,,,,0.0,0.0,,,,,,,,,,,,,,,0.0,0.0,0.0,0.0,ann_snn_baseline,Базовое сравнение ANN/SNN,baseline,main_baseline,ANN (frog_lib_ann),ANN,frog_lib_ann,ANN,baseline,baseline,10,,,,
ANN,developmental,9,5,127.0,27.92848008753788,7.62,1.675708805252273,1.0,0.0,0.188,0.007483314773547889,9.882000000000001,4.994634721378532,12.610691163151643,2.500853018928077,0.19708246427999163,0.002196965134480043,-0.07465322476818893,0.05697475544000026,6.566256187346812,1.5748372869974956,3.1170233178346255e-05,3.825769511099271e-05,20.451934117920313,0.16623771378907792,3128.3839199023964,29.82532324312797,1.0,0.0,0.14771879582449726,0.008548122230634956,0.8951185242966935,0.044614236356058545,0.13987066694759126,0.031057856746876833,7.75743450057568,5.665384291370781,1.546871111721337,0.4532926259963374,11.098214216049858,2.0725606792707096,7.75743450057568,5.665384291370781,1.5132858892192211,0.49619760597189194,11.117016215329128,2.102489671612531,16.90139166000008,0.1793980946379338,0.01,0.0,,,,,,,0.0,0.0,,,,,,,,,,,,,,,0.0,0.0,0.0,0.0,ann_snn_baseline,Базовое сравнение ANN/SNN,baseline,main_baseline,ANN (frog_lib_ann),ANN,frog_lib_ann,ANN,baseline,baseline,10,,,,
ANN_FROZEN,adult,0,5,100.6,67.97528962792288,6.036,4.0785173776753725,1.0,0.0,0.13,0.0,5.794,0.7683905257094207,12.51909503794179,6.999966697534518,0.18156559002745656,0.02495245356609146,-0.6376180738545874,0.9480678143225767,5.5274640198280025,5.34090772927489,0.0,0.0,12.377096627836897,0.10943096552508245,1904.8417247179834,20.5018023401173,1.0,0.0,0.16554944567122726,0.03601767043682152,0.8914198156682028,0.15611056835036366,0.41100708124622143,0.4262573333346622,0.975911432251063,0.6222589756322525,0.5623621827381555,0.28761400565334533,10.933166879478929,3.8610245236325884,0.975911432251063,0.6222589756322525,0.5623621827381555,0.28761400565334533,10.933166879478929,3.8610245236325884,14.44325216000143,0.3108744563682527,0.0,0.0,,,,,,,0.0,0.0,,,,,,,,,,,,,,,0.0,0.0,0.0,0.0,ann_snn_baseline,Базовое сравнение ANN/SNN,baseline,main_baseline,ANN frozen (frog_lib_ann_frozen),ANN frozen,frog_lib_ann_frozen,ANN,baseline_frozen,baseline,11,,,,
ANN_FROZEN,adult,1,5,62.6,27.60144923731361,3.7559999999999993,1.6560869542388166,1.0,0.0,0.13,0.0,7.078,3.5371932375825894,9.502408593948948,4.204455686061468,0.18681779280685587,0.008584959031548914,-0.36447620639056566,0.25405137946275347,3.875631288374509,2.3250269263761596,0.0,0.0,12.499235415485021,0.04638270220754026,1927.9922328517018,7.624044233431459,1.0,0.0,0.14326036585365856,0.008191307375782903,0.8841510668403872,0.30426572976402044,0.2967881361887058,0.17691876236441922,2.7055844699024187,3.7895879627050366,0.8394064566228188,0.4334439585256809,8.52601384493554,1.923178528065779,2.7055844699024187,3.7895879627050366,0.8394064566228188,0.4334439585256809,8.52601384493554,1.923178528065779,14.160709859995404,0.18727521088439045,0.0,0.0,,,,,,,0.0,0.0,,,,,,,,,,,,,,,0.0,0.0,0.0,0.0,ann_snn_baseline,Базовое сравнение ANN/SNN,baseline,main_baseline,ANN frozen (frog_lib_ann_frozen),ANN frozen,frog_lib_ann_frozen,ANN,baseline_frozen,baseline,11,,,,
ANN_FROZEN,adult,2,5,122.6,50.25375607852611,7.356,3.0152253647115668,1.0,0.0,0.148,0.036,5.8740000000000006,1.733108190506294,14.47370173902984,4.318275555426323,0.19451622922444264,0.007613104092691138,-0.1493358810261033,0.2140280539703629,2.0787412344811074,0.8033276338553628,0.0,0.0,12.392017141516478,0.08723457831574787,1908.096732001004,13.310701787866142,1.0,0.0,0.14477810045968503,0.013139101836838035,0.7580315777187636,0.036000950109057225,0.14179104296231848,0.07027682237288183,1.361498174941283,0.6130819607156525,0.9031815047852494,0.3533429685266306,12.916763681987586,2.1673634777687165,1.361498174941283,0.6130819607156525,0.9031815047852494,0.3533429685266306,12.80074513888394,2.2022728140188828,14.163822160000564,0.060736077727682115,0.0,0.0,,,,,,,0.0,0.0,,,,,,,,,,,,,,,0.0,0.0,0.0,0.0,ann_snn_baseline,Базовое сравнение ANN/SNN,baseline,main_baseline,ANN frozen (frog_lib_ann_frozen),ANN frozen,frog_lib_ann_frozen,ANN,baseline_frozen,baseline,11,,,,
ANN_FROZEN,adult,3,5,42.6,13.484806264830059,2.556,0.8090883758898034,1.0,0.0,0.15,0.008944271909999154,32.362,34.033660631792166,7.350742719625816,2.7623251111311573,0.17787443743720383,0.006616135075141253,-0.6299094665452581,0.214264808420495,4.626882215234337,1.2217207742153855,0.0,0.0,12.534565379171633,0.06364164911224107,1934.743893165647,11.227159931499804,1.0,0.0,0.1446354118325901,0.007844456838414712,0.8869330710266194,0.15631587645890063,0.36941785416654455,0.11271337563140475,0.5085484262316892,0.5567203542869651,0.4364906840016228,0.30696309640308167,9.144408766205107,5.759621024309444,0.5085484262316892,0.5567203542869651,0.4364906840016228,0.30696309640308167,9.144408766205107,5.759621024309444,14.242533100003493,0.40257648105888655,0.0,0.0,,,,,,,0.0,0.0,,,,,,,,,,,,,,,0.0,0.0,0.0,0.0,ann_snn_baseline,Базовое сравнение ANN/SNN,baseline,main_baseline,ANN frozen (frog_lib_ann_frozen),ANN frozen,frog_lib_ann_frozen,ANN,baseline_frozen,baseline,11,,,,
ANN_FROZEN,adult,4,5,38.0,16.480291259562133,2.28,0.988817475573728,1.0,0.0,0.132,0.0040000000000000036,3.906,0.2593530412391572,6.654049238852968,0.5184727233966978,0.18290932150500772,0.016617510227679325,-0.5147958135589852,0.5243170686182244,5.798022816072579,1.8926443151450634,0.0,0.0,12.466403498962467,0.04907064060968202,1923.0879612004294,7.707815325782664,1.0,0.0,0.15851066433566435,0.022757522394619124,0.9794645614580902,0.16690049996460035,0.3477309895531529,0.11864952268109963,0.386396284717359,0.22578320914196173,0.7077347882710591,0.2676811001539878,8.705277697233441,2.6133327728608386,0.386396284717359,0.22578320914196173,0.7077347882710591,0.2676811001539878,8.557698257004906,2.6049475642395192,11.341254460002528,0.03017158527293723,0.0,0.0,,,,,,,0.0,0.0,,,,,,,,,,,,,,,0.0,0.0,0.0,0.0,ann_snn_baseline,Базовое сравнение ANN/SNN,baseline,main_baseline,ANN frozen (frog_lib_ann_frozen),ANN frozen,frog_lib_ann_frozen,ANN,baseline_frozen,baseline,11,,,,
ANN_FROZEN,adult,5,5,57.8,35.40282474605664,3.468,2.124169484763398,1.0,0.0,0.546,0.0816333265278342,51.738,47.59138972545349,6.777890229714467,1.9583654521170064,0.18264283572265633,0.013118714077423996,-0.5051072647592847,0.41762159688657813,4.148988670271587,1.7976190918080037,0.0,0.0,12.539254775001703,0.07042791497340707,1933.1389869654354,13.326274537149057,1.0,0.0,0.15351931557218695,0.031158070697219428,0.8217868256962685,0.09849721557855097,0.26990083313977514,0.13387506708707506,1.0613305195307166,0.6982722713099885,0.7454429474418381,0.30038938833449363,6.7901915237596695,2.622058176336,1.0613305195307166,0.6982722713099885,0.7454429474418381,0.30038938833449363,6.7901915237596695,2.622058176336,11.224915600003442,0.08974879297504404,0.0,0.0,,,,,,,0.0,0.0,,,,,,,,,,,,,,,0.0,0.0,0.0,0.0,ann_snn_baseline,Базовое сравнение ANN/SNN,baseline,main_baseline,ANN frozen (frog_lib_ann_frozen),ANN frozen,frog_lib_ann_frozen,ANN,baseline_frozen,baseline,11,,,,
ANN_FROZEN,adult,6,5,58.2,30.596731851621016,3.4919999999999995,1.8358039110972608,1.0,0.0,0.5680000000000001,0.2094182418033348,9.959999999999999,3.5417170976801633,9.390446152367895,3.678546619993738,0.18334171695118487,0.012576119818929619,-0.481223011539823,0.3934127305942376,4.568817377771774,2.9447229254641933,0.0,0.0,12.499053643425903,0.04856420801331372,1927.7346301721095,8.335153443639367,1.0,0.0,0.15495241033476329,0.02255410028238847,1.009887212494554,0.27311685909340516,0.2726957170019405,0.18229263199007698,0.558643818189427,0.28938326027869943,0.9461345077942086,0.5668911902992211,7.133352837813336,2.0551169300523746,0.558643818189427,0.28938326027869943,0.9461345077942086,0.5668911902992211,7.133352837813336,2.0551169300523746,11.218230339998263,0.0860692366145117,0.0,0.0,,,,,,,0.0,0.0,,,,,,,,,,,,,,,0.0,0.0,0.0,0.0,ann_snn_baseline,Базовое сравнение ANN/SNN,baseline,main_baseline,ANN frozen (frog_lib_ann_frozen),ANN frozen,frog_lib_ann_frozen,ANN,baseline_frozen,baseline,11,,,,
ANN_FROZEN,adult,7,5,72.2,44.98177408684544,4.331999999999999,2.698906445210726,1.0,0.0,0.166,0.004898979485566361,4.954,0.729207789316598,11.31032122446137,2.946977868227449,0.18435834228429068,0.009293014785568314,-0.43795870056161024,0.27299883974000966,3.3107805568072615,1.1774716909852072,0.0,0.0,12.489350293727975,0.12990792922432698,1926.0040730008616,22.797911168354315,1.0,0.0,0.15663455605335505,0.007499865422153604,0.7639854312351744,0.018591178254451102,0.20795589809999787,0.0905646607526583,0.6738787330139412,0.37459021156681305,1.3883356498234867,2.474096539442643,10.301143848343264,3.019745615961981,0.6738787330139412,0.37459021156681305,1.3883356498234867,2.474096539442643,10.167962378687823,3.027565284794559,11.18766459999606,0.1379974928437418,0.0,0.0,,,,,,,0.0,0.0,,,,,,,,,,,,,,,0.0,0.0,0.0,0.0,ann_snn_baseline,Базовое сравнение ANN/SNN,baseline,main_baseline,ANN frozen (frog_lib_ann_frozen),ANN frozen,frog_lib_ann_frozen,ANN,baseline_frozen,baseline,11,,,,
ANN_FROZEN,adult,8,5,84.8,33.996470405028816,5.087999999999999,2.0397882243017285,1.0,0.0,0.132,0.0040000000000000036,4.0280000000000005,0.29949290475735835,14.290910558315957,3.805346050169421,0.1847058023717511,0.008672193677784363,-0.42683151870115416,0.2730135039954575,2.8500124876628625,1.317336270359577,0.0,0.0,12.461247474776835,0.10164839370947942,1922.065985047549,17.967212788778106,1.0,0.0,0.13822398509282294,0.004698539665862255,0.7164395930988832,0.019468477730911055,0.17283493706070707,0.1054839951273242,0.08752894343621595,0.12658488942035373,0.24640729196279634,0.3115206362602651,14.061661344470448,6.768583983688565,0.08752894343621595,0.12658488942035373,0.24640729196279634,0.3115206362602651,13.991070908289368,6.725620353724899,11.360507979994873,0.19438742382971133,0.0,0.0,,,,,,,0.0,0.0,,,,,,,,,,,,,,,0.0,0.0,0.0,0.0,ann_snn_baseline,Базовое сравнение ANN/SNN,baseline,main_baseline,ANN frozen (frog_lib_ann_frozen),ANN frozen,frog_lib_ann_frozen,ANN,baseline_frozen,baseline,11,,,,
ANN_FROZEN,adult,9,5,37.4,6.248199740725323,2.2439999999999998,0.3748919844435194,1.0,0.0,0.178,0.03124099870362661,8.972,2.767225325122622,6.607800956398316,0.37883306845620746,0.18201654850066146,0.009228317027193733,-0.5088603105088627,0.29329320139496007,4.750147696849182,0.9285969268969351,0.0,0.0,12.57485354318985,0.02059356864748126,1940.143260044781,2.8139742138323407,1.0,0.0,0.15604390424390424,0.013428426375123868,0.8437496157099738,0.09505345101525454,0.3486232832658097,0.06512298540997694,1.9311694457232402,1.5378476683998568,0.767628358105709,0.2975475972046009,5.289889351860691,1.7899517734306745,1.9311694457232402,1.5378476683998568,0.767628358105709,0.2975475972046009,5.2403986932224935,1.7114460325014278,12.636785199996666,0.4462322642065664,0.0,0.0,,,,,,,0.0,0.0,,,,,,,,,,,,,,,0.0,0.0,0.0,0.0,ann_snn_baseline,Базовое сравнение ANN/SNN,baseline,main_baseline,ANN frozen (frog_lib_ann_frozen),ANN frozen,frog_lib_ann_frozen,ANN,baseline_frozen,baseline,11,,,,
ANN_FROZEN,developmental,0,5,65.2,29.178073959739017,3.912,1.7506844375843407,1.0,0.0,0.156,0.004898979485566361,37.512,55.7897486640691,8.137176531685503,3.1911802804537315,0.18709730757796536,0.011910291747325403,-0.36747970147736897,0.35641465810268025,6.914038885984491,3.8242340199605085,0.0,0.0,27.239548497689395,0.33227014565469615,4215.428435321364,51.12467910611194,1.0,0.0,0.13640804676059184,0.007145194663574967,0.9349916305368605,0.019296591151946044,0.25410471258407663,0.1490179219775495,0.8991215190131234,0.42681532391660715,0.863637233491098,0.3252238564259984,9.333307086577411,5.608806576860789,0.8991215190131234,0.42681532391660715,0.863637233491098,0.3252238564259984,9.333307086577411,5.608806576860789,12.66219425999734,0.31022509948325394,0.01,0.0,,,,,,,0.0,0.0,,,,,,,,,,,,,,,0.0,0.0,0.0,0.0,ann_snn_baseline,Базовое сравнение ANN/SNN,baseline,main_baseline,ANN frozen (frog_lib_ann_frozen),ANN frozen,frog_lib_ann_frozen,ANN,baseline_frozen,baseline,11,,,,
ANN_FROZEN,developmental,1,5,79.4,52.47704259959778,4.764,3.1486225559758667,1.0,0.0,0.136,0.007999999999999997,10.928,6.0597405885070685,10.680720668457251,4.531921688413629,0.18906626106124355,0.008528860842160365,-0.3002087742229335,0.245264132700458,7.710421440294974,5.007421360193997,0.0,0.0,26.763107226963207,0.17903798178675376,4137.484867991264,28.745603750696162,1.0,0.0,0.1303210939280018,0.00977380984158804,1.2023026835186787,0.27037590623966795,0.2603361157368897,0.17066759952911084,0.43058049055003417,0.26500989539649905,0.6907702921084099,0.23952880791734182,10.939150957258699,3.128034865473672,0.43058049055003417,0.26500989539649905,0.6907702921084099,0.23952880791734182,10.939150957258699,3.128034865473672,12.595869619995938,0.29734068301420125,0.01,0.0,,,,,,,0.0,0.0,,,,,,,,,,,,,,,0.0,0.0,0.0,0.0,ann_snn_baseline,Базовое сравнение ANN/SNN,baseline,main_baseline,ANN frozen (frog_lib_ann_frozen),ANN frozen,frog_lib_ann_frozen,ANN,baseline_frozen,baseline,11,,,,
ANN_FROZEN,developmental,2,5,72.0,30.744105126023754,4.319999999999999,1.844646307561425,1.0,0.0,0.236,0.08089499366462674,61.580000000000005,107.01375276103535,9.37483248491864,3.835574674666843,0.18762498271865197,0.010756839523859371,-0.3474929818334497,0.3090669171424803,5.882591309020004,2.0234045159878873,0.0,0.0,26.963488473063478,0.48749270837536113,4171.496142425249,76.7960977652574,1.0,0.0,0.12660048558452114,0.004325539130013608,0.9447577054851075,0.09802446179217587,0.2180931362796045,0.08487525937772451,0.4278282708977136,0.24999160494741174,0.8210875654967775,0.34515977504216666,9.557239578512505,3.4922337393155094,0.4278282708977136,0.24999160494741174,0.8210875654967775,0.34515977504216666,9.522773656692687,3.5207904402629087,13.111611419997644,0.35258208989073625,0.01,0.0,,,,,,,0.0,0.0,,,,,,,,,,,,,,,0.0,0.0,0.0,0.0,ann_snn_baseline,Базовое сравнение ANN/SNN,baseline,main_baseline,ANN frozen (frog_lib_ann_frozen),ANN frozen,frog_lib_ann_frozen,ANN,baseline_frozen,baseline,11,,,,
ANN_FROZEN,developmental,3,5,81.8,45.89291884376063,4.9079999999999995,2.7535751306256375,0.9987730061349694,0.0024539877300613355,0.168,0.007483314773547881,36.17,24.00864510962666,9.275112316610336,4.134433908903457,0.18670276188458448,0.011460597615249013,-0.3765463324728138,0.3333329270330802,5.920942073552291,2.8847694481033757,0.0,0.0,26.987224287249667,0.26415001173965524,4171.468203679772,41.19264317485653,1.0,0.0,0.14185456394818466,0.002749540064328009,1.1332739541469883,0.255575621104661,0.21561704157385359,0.11410955245044158,0.4873977775503593,0.23819023804750164,0.5810073251829758,0.5042207149487474,14.147904526166602,2.469838695467895,0.4873977775503593,0.23819023804750164,0.5810073251829758,0.5042207149487474,14.170510207727915,2.497848433168729,12.962818739999785,0.4418561723417656,0.01,0.0,,,,,,,0.0,0.0,,,,,,,,,,,,,,,0.0,0.0,0.0,0.0,ann_snn_baseline,Базовое сравнение ANN/SNN,baseline,main_baseline,ANN frozen (frog_lib_ann_frozen),ANN frozen,frog_lib_ann_frozen,ANN,baseline_frozen,baseline,11,,,,
ANN_FROZEN,developmental,4,5,87.2,48.13896550612611,5.231999999999999,2.8883379303675665,1.0,0.0,0.148,0.003999999999999992,7.164,4.2926756224993285,8.748242133962135,2.294971936586179,0.1944214761759963,0.006856772771754092,-0.15016485310961225,0.19001951212445728,5.21854152796629,2.100068397536481,0.0,0.0,26.929395404687238,0.34203783798594717,4161.585938290463,55.548380829597974,1.0,0.0,0.13876860570978217,0.012572417734092345,1.0079871880125881,0.1626535683829928,0.18787838604071744,0.08740323849014663,0.8622503682684622,0.2939709565091559,1.0219273831382145,0.5323148838641784,10.270229619389422,2.8915462791814166,0.8622503682684622,0.2939709565091559,1.0219273831382145,0.5323148838641784,10.247560736209717,2.918091658470056,12.75920054000162,0.6862304468428593,0.01,0.0,,,,,,,0.0,0.0,,,,,,,,,,,,,,,0.0,0.0,0.0,0.0,ann_snn_baseline,Базовое сравнение ANN/SNN,baseline,main_baseline,ANN frozen (frog_lib_ann_frozen),ANN frozen,frog_lib_ann_frozen,ANN,baseline_frozen,baseline,11,,,,
ANN_FROZEN,developmental,5,5,90.4,55.370027993491206,5.4239999999999995,3.322201679609472,1.0,0.0,0.682,0.2649830183238164,17.446,3.534326527076976,11.493482389549177,4.59664683503167,0.18240357641468385,0.016545417612232494,-0.5303627302315645,0.5304943753235348,6.965221349611616,5.382388924376165,0.0,0.0,26.99492881732373,0.4162780033936215,4174.487950261123,66.66443429055641,1.0,0.0,0.134393519628977,0.014456301945518505,0.9325681006082256,0.13862810575042064,0.23663205184652822,0.19268506646724798,1.3376439546044927,1.3274733582468266,0.5230549805295477,0.5225882157750567,14.959184307867668,5.040970174157774,1.3376439546044927,1.3274733582468266,0.5230549805295477,0.5225882157750567,14.959184307867668,5.040970174157774,11.912745780003025,0.31577251501695436,0.01,0.0,,,,,,,0.0,0.0,,,,,,,,,,,,,,,0.0,0.0,0.0,0.0,ann_snn_baseline,Базовое сравнение ANN/SNN,baseline,main_baseline,ANN frozen (frog_lib_ann_frozen),ANN frozen,frog_lib_ann_frozen,ANN,baseline_frozen,baseline,11,,,,
ANN_FROZEN,developmental,6,5,78.0,47.56889740155851,4.68,2.8541338440935102,1.0,0.0,1.034,0.24013329631685812,22.934,20.78800865883984,9.996144521023693,2.6042873785435656,0.18295700606499615,0.014205804280237986,-0.4999398300019326,0.4407996750378455,6.9242756489023325,4.298629174578667,0.0,0.0,27.078416973264268,0.34171337848298244,4188.8421460166555,51.62048707967012,1.0,0.0,0.13983013143869882,0.012085718053795238,0.913556630686414,0.03216480972619619,0.25116274056062904,0.15850082654732436,0.7157480507046574,0.5997626157002005,0.6369884441262211,0.4234499797199415,9.437734405858603,2.654900662895561,0.7157480507046574,0.5997626157002005,0.6369884441262211,0.4234499797199415,9.421097777548594,2.6553474978848683,12.835932040002081,0.28568116082277084,0.01,0.0,,,,,,,0.0,0.0,,,,,,,,,,,,,,,0.0,0.0,0.0,0.0,ann_snn_baseline,Базовое сравнение ANN/SNN,baseline,main_baseline,ANN frozen (frog_lib_ann_frozen),ANN frozen,frog_lib_ann_frozen,ANN,baseline_frozen,baseline,11,,,,
ANN_FROZEN,developmental,7,5,129.4,46.418099918027664,7.7639999999999985,2.7850859950816598,1.0,0.0,0.23200000000000004,0.03969886648255843,5.598000000000001,1.2372129970219357,16.322959306151933,3.91061135758154,0.1976258321089382,0.0028827013878717014,-0.061161173564417706,0.07499813694108905,3.349899908221791,1.201602572114629,2.5675282867428693e-05,3.160957483818365e-05,26.688796663734394,0.3884863686178132,4126.890798409486,61.22642581689488,1.0,0.0,0.14079908742999314,0.0168193818871536,0.9278225916262105,0.08007228511409832,0.11134099917287613,0.042565836439995765,1.2697100026706971,0.10938818919604328,1.2500218846391062,0.17149114112687874,12.180460752028932,3.908798512306724,1.2697100026706971,0.10938818919604328,1.2500218846391062,0.17149114112687874,12.1191081889631,3.901453234549167,12.460365139998611,0.34101993169812267,0.01,0.0,,,,,,,0.0,0.0,,,,,,,,,,,,,,,0.0,0.0,0.0,0.0,ann_snn_baseline,Базовое сравнение ANN/SNN,baseline,main_baseline,ANN frozen (frog_lib_ann_frozen),ANN frozen,frog_lib_ann_frozen,ANN,baseline_frozen,baseline,11,,,,
ANN_FROZEN,developmental,8,5,173.0,93.63973515554174,10.379999999999999,5.618384109332504,1.0,0.0,0.13,0.0,4.83,0.30678983033992513,18.597175273052805,5.488649243560213,0.19622636968856863,0.004852097621000957,-0.09934784951340916,0.12913849700833968,2.802327379288378,0.9897643366310526,4.675864361282317e-05,7.824004317755238e-05,26.31429633153821,0.8189023396022009,4067.8156878713917,127.89041205760005,1.0,0.0,0.1269796035811483,0.010228573557637361,0.8428881557510589,0.05056848251068555,0.09974206349688255,0.04026822940166985,2.5394093924131225,2.151741066286606,2.7398995555443455,3.5866160566715157,17.488522563294076,5.850435974809246,2.5394093924131225,2.151741066286606,2.7398995555443455,3.5866160566715157,17.464122896756173,5.874681330059217,13.64675102000183,0.20055766164574168,0.01,0.0,,,,,,,0.0,0.0,,,,,,,,,,,,,,,0.0,0.0,0.0,0.0,ann_snn_baseline,Базовое сравнение ANN/SNN,baseline,main_baseline,ANN frozen (frog_lib_ann_frozen),ANN frozen,frog_lib_ann_frozen,ANN,baseline_frozen,baseline,11,,,,
ANN_FROZEN,developmental,9,5,64.4,21.923503369671554,3.864,1.3154102021802931,0.9965517241379309,0.006896551724137945,0.196,0.018547236990991412,15.552000000000001,16.93164894509687,9.346343803698916,1.6767757353733348,0.18364111870685262,0.008456480209826795,-0.45708861635960985,0.2539452488957663,6.073039037423725,2.0007323475341154,0.0,0.0,27.249224873121307,0.21159528257153246,4216.379717684399,33.55574008966548,1.0,0.0,0.13641753760440925,0.013150801055966237,0.9331784993815069,0.06878752152937698,0.2306404246885983,0.08205319817273021,0.6065246997207085,0.5589949679884937,0.7480738061502021,0.3333976015109462,9.123441798881704,2.6594738821585953,0.6065246997207085,0.5589949679884937,0.7480738061502021,0.3333976015109462,9.152358158312067,2.6457582398471016,13.165726600002381,0.06809489259752528,0.01,0.0,,,,,,,0.0,0.0,,,,,,,,,,,,,,,0.0,0.0,0.0,0.0,ann_snn_baseline,Базовое сравнение ANN/SNN,baseline,main_baseline,ANN frozen (frog_lib_ann_frozen),ANN frozen,frog_lib_ann_frozen,ANN,baseline_frozen,baseline,11,,,,
SNN,adult,0,5,14.6,3.7735924528226414,0.876,0.22641554716935847,1.0,0.0,0.15,0.026076809620810597,344.788,337.5696185618605,3.165744230022739,0.742016911816001,0.14740102996963086,0.016391215813767145,-1.8699481710965355,0.7740756327568785,29.545636786295386,22.854376753486317,0.016782064871827228,0.014111163903220115,3.5041403976652226,0.8296788808136515,618.0377545496518,145.87396835834127,1.0,0.0,0.1138051948051948,0.024753246753246756,0.7321846153846154,0.15822346662612977,1.9081113999487826,0.5444908304276136,0.16368228656691447,0.14280671276704973,0.3968490712568583,0.15183540361968245,5.13021676397773,1.2903734712865087,0.16368228656691447,0.14280671276704973,0.3968490712568583,0.15183540361968245,5.13021676397773,1.2903734712865087,25.86467348000151,0.9147098765871221,0.0,0.0,0.02804278409090909,0.007341443622245773,9.87106,2.5841881550305117,76728.82572649574,38807.921902159804,0.0,0.0,,,,,,,,,,,,,,,0.0,0.0,0.0,0.0,ann_snn_baseline,Базовое сравнение ANN/SNN,baseline,main_baseline,SNN (frog_lib_snn),SNN,frog_lib_snn,SNN,baseline,baseline,20,,,,
SNN,adult,1,5,21.6,5.885575587824865,1.2959999999999998,0.35313453526949184,1.0,0.0,0.13,0.0,228.52599999999998,306.2815917811581,3.5115769018767202,1.2273661068124786,0.16012024355415205,0.007464619145881554,-1.2592346849942893,0.29900670503663546,23.10811173204835,6.862032564665837,0.008436005511237262,0.007101980121057595,3.886547268244558,0.49669237235485325,683.7234447496274,86.01946762876459,1.0,0.0,0.1145676050420168,0.01974948313976426,0.8558799050411954,0.14220277514666604,1.2910446198523908,0.3292292004064559,0.09511580349081462,0.19023160698162925,0.5534075467434489,0.1319614603553361,4.991600185682447,1.041923935812046,0.09511580349081462,0.19023160698162925,0.5534075467434489,0.1319614603553361,4.991600185682447,1.041923935812046,25.992366679996486,0.5607301259431253,0.0,0.0,0.03378192045454546,0.00590587587659698,11.891236000000001,2.078868308562137,57285.53526084921,11616.40848527741,0.0,0.0,,,,,,,,,,,,,,,0.0,0.0,0.0,0.0,ann_snn_baseline,Базовое сравнение ANN/SNN,baseline,main_baseline,SNN (frog_lib_snn),SNN,frog_lib_snn,SNN,baseline,baseline,20,,,,
SNN,adult,2,5,15.4,5.71314274283428,0.9239999999999998,0.34278856457005674,1.0,0.0,0.13,0.0,285.774,325.629052303384,3.291120756993081,0.34123180916976326,0.14047326203208557,0.013206005512676665,-2.1797952047952047,0.651045856468531,29.500877875511787,13.44839067074547,0.007320890921274426,0.004532920455881939,3.436377878627782,0.8947657244199293,604.5505057913884,159.87302174884158,1.0,0.0,0.12427805878332195,0.022259203961429948,0.8510781718281718,0.2608416016026883,1.5754655674392544,0.403512172675786,0.0908043079413712,0.10491057553957814,0.35994462456828813,0.19442513232052328,5.559913646435996,1.1904703836649413,0.0908043079413712,0.10491057553957814,0.35994462456828813,0.19442513232052328,5.3436303424143095,1.2277196824087997,22.150503940004274,2.0524490616687254,0.0,0.0,0.030723778409090907,0.00602408599765269,10.81477,2.1204782711737464,76460.62624125874,23781.725420500716,0.0,0.0,,,,,,,,,,,,,,,0.0,0.0,0.0,0.0,ann_snn_baseline,Базовое сравнение ANN/SNN,baseline,main_baseline,SNN (frog_lib_snn),SNN,frog_lib_snn,SNN,baseline,baseline,20,,,,
SNN,adult,3,5,10.4,7.914543574963751,0.6239999999999999,0.47487261449782503,1.0,0.0,0.152,0.007483314773547881,62.92,0.0,2.3031069350417708,0.49818670249550645,0.11893611617554385,0.033785868882107224,-3.9549747607793173,1.9543255770853147,60.75337311763966,40.6049234910176,0.00894233646052382,0.006220492605326457,2.7590260694343574,0.4961137930642119,484.67177820409796,89.69358362821983,1.0,0.0,0.1476095238095238,0.052754601523084324,0.7171418803418803,0.21281180283553017,2.8654031886496387,1.201695850387992,0.24900936727342798,0.4562161964304832,0.21053813141011463,0.27882385600890064,4.027134138468791,0.6567900160418377,0.24900936727342798,0.4562161964304832,0.21053813141011463,0.27882385600890064,4.027134138468791,0.6567900160418377,20.91527802000055,0.5493613112348864,0.0,0.0,0.03095692613636363,0.007172898691421529,10.896837999999999,2.5248603393803783,150395.31367521366,79569.42384028943,0.0,0.0,,,,,,,,,,,,,,,0.0,0.0,0.0,0.0,ann_snn_baseline,Базовое сравнение ANN/SNN,baseline,main_baseline,SNN (frog_lib_snn),SNN,frog_lib_snn,SNN,baseline,baseline,20,,,,
SNN,adult,4,5,11.8,2.3151673805580453,0.708,0.13891004283348268,1.0,0.0,0.136,0.007999999999999997,105.9775,98.43017560052405,3.140481514522212,0.7417998828220647,0.13134601208904614,0.009606848510769612,-2.656993006993007,0.5963054787370584,36.32577550566161,23.0689563084541,0.00983218174415515,0.005604919304337548,3.3415394056113796,1.3340590075628784,591.5641135770045,238.12409809695689,1.0,0.0,0.14111111111111113,0.026586081943122414,0.6731606060606061,0.0823495146990327,1.8940982510235664,0.41863137893773056,0.11016029936726066,0.1072084832260871,0.3015616629996372,0.1929399512524264,5.68948373401678,2.480391841645733,0.11016029936726066,0.1072084832260871,0.3015616629996372,0.1929399512524264,5.165195884959131,2.2288847321369865,21.440021820002585,0.8705827689230063,0.0,0.0,0.028926238636363632,0.005796717240942148,10.182036,2.0404444688116357,93536.94460372961,40599.478609277234,0.0,0.0,,,,,,,,,,,,,,,0.0,0.0,0.0,0.0,ann_snn_baseline,Базовое сравнение ANN/SNN,baseline,main_baseline,SNN (frog_lib_snn),SNN,frog_lib_snn,SNN,baseline,baseline,20,,,,
SNN,adult,5,5,11.4,5.314132102234569,0.6839999999999999,0.31884792613407414,1.0,0.0,0.58,0.12759310326189266,262.94,15.560083547333546,1.8541291399895248,0.48775417854669123,0.1288207887608479,0.025725101047382803,-3.0542297332669865,1.4824693077731994,48.39564948380833,18.77383764793901,0.008915751103170687,0.0033592238071427135,3.6397420940310807,0.7533648633743824,641.8717911786266,133.13184003448848,1.0,0.0,0.13761176470588238,0.01641923085496126,0.940599567099567,0.19032844127009813,2.485011034502153,0.9339402248039392,0.37024772542104695,0.5106113309402301,0.5971610050242674,0.2951195173792572,2.322526388117169,0.6750638393092543,0.37024772542104695,0.5106113309402301,0.5767812624883346,0.28986801621274566,2.322526388117169,0.6750638393092543,23.66628206000023,1.0982166515242948,0.0,0.0,0.03342044886363636,0.005807783875858575,11.763998,2.0443399243022182,122259.21385281386,42716.52903980633,0.0,0.0,,,,,,,,,,,,,,,0.0,0.0,0.0,0.0,ann_snn_baseline,Базовое сравнение ANN/SNN,baseline,main_baseline,SNN (frog_lib_snn),SNN,frog_lib_snn,SNN,baseline,baseline,20,,,,
SNN,adult,6,5,7.0,2.449489742783178,0.41999999999999993,0.14696938456699069,1.0,0.0,0.5940000000000001,0.09046546302318911,989.95,0.0,1.564299988329123,0.5201121456062531,0.10525005819188651,0.02213378968077511,-5.040209580728094,2.612532121571248,84.22381644914155,89.70122806909264,0.015430030693054497,0.01229630872692172,3.2021468725333606,0.3563301275165937,561.3888397565267,63.24943715910449,1.0,0.0,0.15315873015873016,0.023464827626695158,0.9810380952380953,0.20525692632646697,3.9681600259676424,2.1600716977962438,0.13745223904227205,0.13905138752949647,0.22012862339801545,0.19410246481868257,2.6271002141664868,0.5795372607891192,0.13745223904227205,0.13905138752949647,0.22012862339801545,0.19410246481868257,2.6271002141664868,0.5795372607891192,22.87977013999771,1.0799235620904981,0.0,0.0,0.030103755681818178,0.011071707548138557,10.596522,3.8972410569447713,197200.29142857142,158401.68794812635,0.0,0.0,,,,,,,,,,,,,,,0.0,0.0,0.0,0.0,ann_snn_baseline,Базовое сравнение ANN/SNN,baseline,main_baseline,SNN (frog_lib_snn),SNN,frog_lib_snn,SNN,baseline,baseline,20,,,,
SNN,adult,7,5,17.0,10.256705123966467,1.02,0.615402307437988,1.0,0.0,0.21600000000000003,0.06711184694225009,79.2425,62.00771176837603,3.979551985397508,1.6037466838355312,0.13999003322259135,0.018238009268125067,-2.257400257400257,0.8810314870853291,33.06717566377753,14.921345278317494,0.006549841948826804,0.0025559627822056984,3.584337059740188,0.7018614547648582,627.7562439678926,123.87830366048864,1.0,0.0,0.12402484848484849,0.012653040720940029,0.694458344058344,0.21027485990431585,1.742064844561704,0.685049413487617,0.11069735211511009,0.07042039037981612,0.2227709821442779,0.2777650194546166,6.2782059781677475,1.8242350130971174,0.11069735211511009,0.07042039037981612,0.2227709821442779,0.2777650194546166,6.0754947192690825,1.660952679512187,23.089844099996846,0.43679759555669695,0.0,0.0,0.03094449431818182,0.005173884038405954,10.892462,1.8212071815188964,81849.3062977263,32044.062408419104,0.0,0.0,,,,,,,,,,,,,,,0.0,0.0,0.0,0.0,ann_snn_baseline,Базовое сравнение ANN/SNN,baseline,main_baseline,SNN (frog_lib_snn),SNN,frog_lib_snn,SNN,baseline,baseline,20,,,,
SNN,adult,8,5,20.4,8.309031231136395,1.2239999999999998,0.49854187386818366,1.0,0.0,0.13,0.0,142.055,58.593672653282276,3.0253033578431463,0.90875167147853,0.14602247752247752,0.02786264235486596,-2.2103930552206412,1.9016746495666514,35.797013831449675,40.47974587742451,0.01056800956681508,0.008035967847988488,3.961703015680535,0.4977907430869145,700.5468265282535,94.03413396504331,1.0,0.0,0.14362941176470587,0.02315515293118221,0.9275360260429226,0.26426356833538767,1.7383469732067016,1.488281665705838,0.2066254171822146,0.20480088915859934,0.4716653381334265,0.33010157869284046,4.635580862326917,1.3972462224698066,0.2066254171822146,0.20480088915859934,0.4716653381334265,0.33010157869284046,4.589428791252711,1.416085419782875,23.613080079996145,0.5251527649028739,0.0,0.0,0.03198740340909091,0.005294404739830041,11.259566000000001,1.863630468420174,87483.1423872679,84171.78443965243,0.0,0.0,,,,,,,,,,,,,,,0.0,0.0,0.0,0.0,ann_snn_baseline,Базовое сравнение ANN/SNN,baseline,main_baseline,SNN (frog_lib_snn),SNN,frog_lib_snn,SNN,baseline,baseline,20,,,,
SNN,adult,9,5,11.4,8.284926070883191,0.6839999999999999,0.49709556425299145,1.0,0.0,0.16799999999999998,0.009797958971132708,97.96000000000001,15.190000000000005,2.2533188013432275,0.8865138089437653,0.11453968253968254,0.03491336143587911,-4.558441558441558,2.738735958435077,79.1568140326579,59.065270185604845,0.008436571906537696,0.008859958359402426,3.6357933613045246,0.4751192184136235,635.5860464733507,79.86784367862316,1.0,0.0,0.12321568627450981,0.05315716434773148,0.7043636363636364,0.19061544034347533,3.4921010069920313,2.0608165072387665,0.1215365577958559,0.1498485652363401,0.2481053986824767,0.31978983816273254,4.464242139868391,1.0206447140335073,0.1215365577958559,0.1498485652363401,0.2481053986824767,0.31978983816273254,4.22847712925522,0.9993649754420041,22.94830428000423,1.2301240177534343,0.0,0.0,0.0299244375,0.00637882756402925,10.533401999999999,2.2453473025382955,176287.2181818182,117855.0713632077,0.0,0.0,,,,,,,,,,,,,,,0.0,0.0,0.0,0.0,ann_snn_baseline,Базовое сравнение ANN/SNN,baseline,main_baseline,SNN (frog_lib_snn),SNN,frog_lib_snn,SNN,baseline,baseline,20,,,,
SNN,developmental,0,5,12.4,7.49933330370107,0.744,0.4499599982220641,1.0,0.0,0.168,0.013266499161421603,55.720000000000006,34.1,3.225387285450272,1.4080427899457255,0.12546703296703296,0.02350910072054662,-3.2379120879120875,1.4381122654566987,51.56875384307566,29.814480182441798,0.0041464723406026945,0.002426864928168567,3.6208848915485716,0.7546518229320879,633.6217463360537,135.36393716093926,1.0,0.0,0.08427575757575757,0.028980368264049483,0.648731684981685,0.3302626509596973,2.4031214480058396,1.0839691695572737,0.03346953574967154,0.06693907149934308,0.20265775068064246,0.1757255307858042,6.429343872608388,1.9165014230008712,0.03346953574967154,0.06693907149934308,0.20265775068064246,0.1757255307858042,6.429343872608388,1.9165014230008712,22.12128756000311,0.4368865614192065,22.054,32.47449189748779,0.03175924431818182,0.004920653210369802,11.179254,1.73206993005017,119443.82968864469,59112.26801654967,0.0,0.0,,,,,,,,,,,,,,,0.0,0.0,0.0,0.0,ann_snn_baseline,Базовое сравнение ANN/SNN,baseline,main_baseline,SNN (frog_lib_snn),SNN,frog_lib_snn,SNN,baseline,baseline,20,,,,
SNN,developmental,1,5,15.0,8.461678320522472,0.9,0.5077006992313483,1.0,0.0,0.134,0.004898979485566361,637.1750000000001,242.55045851327515,1.9100771161364836,0.2744503699142179,0.1450767499107833,0.03751113569554227,-2.4155305133566287,2.080347403024455,27.47053587617909,10.584741201335786,0.014670502686860782,0.009380607839969803,3.413106891671821,0.7152641386718548,598.9427595450782,126.08595472798598,1.0,0.0,0.12835744810744812,0.0204381514894335,2.146825339366516,2.1535726046860613,2.1258620964951183,1.2724315209611228,0.26650705391262536,0.18897580951483442,0.6078778369605939,0.26863915871604227,3.358842281607303,0.6190771072402227,0.26650705391262536,0.18897580951483442,0.6078778369605939,0.26863915871604227,3.358842281607303,0.6190771072402227,22.827979400006008,0.5726794880805408,277.8825,309.9135947627177,0.02741155681818182,0.004303518555115411,9.648868,1.5148385314006243,82857.93752639517,34459.63022112871,0.0,0.0,,,,,,,,,,,,,,,0.0,0.0,0.0,0.0,ann_snn_baseline,Базовое сравнение ANN/SNN,baseline,main_baseline,SNN (frog_lib_snn),SNN,frog_lib_snn,SNN,baseline,baseline,20,,,,
SNN,developmental,2,5,11.8,3.867815921162743,0.708,0.2320689552697646,1.0,0.0,0.202,0.058787753826796275,43.56,8.203645531103842,3.1605711655870534,0.6019513320885487,0.129198917025004,0.015719731878644123,-2.8600840336134454,0.9893058569859782,39.82385696200139,27.809267998428762,0.022154285935884793,0.03753065841880919,2.5875738658374057,0.9661905585141647,451.21934847578314,167.3620017337715,1.0,0.0,0.09203333333333333,0.02261965713464483,0.9776415966386555,0.36580496612582586,2.3007932192575526,0.8020408022363772,0.015740594994502113,0.031481189989004225,0.0,0.0,6.554488414547092,1.4523064878110126,0.015740594994502113,0.031481189989004225,0.0,0.0,6.451377914461186,1.419487886527074,24.109537239998463,0.8629290308761999,25.234,19.142067390958587,0.031037176136363635,0.00955730278642435,10.925086,3.3641705808213707,100200.11733893558,46552.99001472852,0.0,0.0,,,,,,,,,,,,,,,0.0,0.0,0.0,0.0,ann_snn_baseline,Базовое сравнение ANN/SNN,baseline,main_baseline,SNN (frog_lib_snn),SNN,frog_lib_snn,SNN,baseline,baseline,20,,,,
SNN,developmental,3,5,10.0,4.242640687119285,0.5999999999999999,0.25455844122715704,1.0,0.0,0.188,0.007483314773547889,419.645,254.835,2.199311072265096,0.48039330622292054,0.12053846153846152,0.017175736291634287,-3.457142857142857,1.1399168525989087,31.85636845943025,25.038668226750765,0.01811582038851417,0.01171595559091065,3.244742168805574,1.3454913586714599,569.7153982749892,239.78000922301806,1.0,0.0,0.1385989010989011,0.023909785903959736,1.1726031746031746,0.357551735610661,2.5025991583805407,0.8070573523128362,0.07209439202034837,0.10304115701070811,0.42868968983015787,0.2685255838868946,3.241842160186453,0.7569651233101964,0.07209439202034837,0.10304115701070811,0.42868968983015787,0.2685255838868946,3.241842160186453,0.7569651233101964,21.891258319996997,0.9906004489978831,122.894,83.75204226763667,0.023914767045454543,0.005615422704784484,8.417998,1.9766287920841383,98274.13174603175,47912.250635441655,0.0,0.0,,,,,,,,,,,,,,,0.0,0.0,0.0,0.0,ann_snn_baseline,Базовое сравнение ANN/SNN,baseline,main_baseline,SNN (frog_lib_snn),SNN,frog_lib_snn,SNN,baseline,baseline,20,,,,
SNN,developmental,4,5,14.6,6.740919818541087,0.876,0.40445518911246514,1.0,0.0,0.16,0.006324555320336764,248.66750000000002,226.390651791875,2.97231238543447,0.8244254624607271,0.1357051282051282,0.019116756042911874,-2.521245421245421,1.0902378907874961,33.97754001589793,40.22267102749873,0.0168677548337117,0.01585242642440073,3.2735678600300857,1.1325169642583908,578.090970187121,204.4865564915534,1.0,0.0,0.1221391812865497,0.020838287138541432,1.0302594627594628,0.49193504880066957,2.177978498189515,1.011336109991911,0.19880950693460772,0.24512041583879943,0.19974639251642526,0.26252394871317625,4.992399858494788,1.667367900932638,0.19880950693460772,0.24512041583879943,0.19974639251642526,0.26252394871317625,4.741269745606731,1.53578068277878,25.586560600000666,0.8547891817066967,52.198,81.1602512071026,0.027333301136363636,0.009735646519628388,9.621322000000001,3.426947574909193,88796.73927960928,72134.59967702568,0.0,0.0,,,,,,,,,,,,,,,0.0,0.0,0.0,0.0,ann_snn_baseline,Базовое сравнение ANN/SNN,baseline,main_baseline,SNN (frog_lib_snn),SNN,frog_lib_snn,SNN,baseline,baseline,20,,,,
SNN,developmental,5,5,7.0,3.4058772731852804,0.41999999999999993,0.20435263639111678,1.0,0.0,0.782,0.17220917513303408,431.20500000000004,158.735,1.4318929864371275,0.34260472173350254,0.10040616246498599,0.02798403444198014,-5.8954545454545455,3.3680437954789815,107.41745382644346,102.3469479004305,0.01850959505726825,0.028569505312439646,3.2819090292328057,0.8900395690443166,575.046369185021,156.37830804196156,1.0,0.0,0.15833730158730158,0.04247127955215951,1.073148484848485,0.3877825790246918,5.54373740015224,3.315412663712289,0.1334030114397009,0.1750609993928511,0.23654618155744606,0.19768375356445592,2.6371360572278397,0.3165173652209402,0.1334030114397009,0.1750609993928511,0.23654618155744606,0.19768375356445592,2.6371360572278397,0.3165173652209402,27.804976660004467,1.2192088563871644,149.39666666666668,85.42513616546881,0.030503323863636366,0.008679203534972839,10.73717,3.0550796443104393,238992.74227272728,185828.9974895915,0.0,0.0,,,,,,,,,,,,,,,0.0,0.0,0.0,0.0,ann_snn_baseline,Базовое сравнение ANN/SNN,baseline,main_baseline,SNN (frog_lib_snn),SNN,frog_lib_snn,SNN,baseline,baseline,20,,,,
SNN,developmental,6,5,12.6,6.2801273872430325,0.756,0.376807643234582,1.0,0.0,0.752,0.20341091416145793,234.92999999999998,88.64684577956888,1.8381163797515954,0.6869100924989859,0.12621479004087702,0.028273131626531986,-3.42436974789916,2.2685963060701786,33.85691583936266,28.238689435777182,0.015088995141357702,0.010739093892247538,3.5018640446067137,0.8358660553877304,620.0704299536844,144.96374335679195,1.0,0.0,0.16162418300653597,0.04167834207817336,1.196750700280112,0.2694959705324257,3.0995495612185495,2.0339267787276167,0.16240493730845668,0.12405158855692569,0.5012876907590207,0.33004460927122853,2.382662521550982,0.4439213190038723,0.16240493730845668,0.12405158855692569,0.5012876907590207,0.33004460927122853,2.382662521550982,0.4439213190038723,27.24437223999994,0.3224560075157758,228.5075,116.71477699396078,0.02592308522727273,0.004230407199296787,9.124925999999999,1.4891033341524686,102435.03459383754,68741.12637767899,0.0,0.0,,,,,,,,,,,,,,,0.0,0.0,0.0,0.0,ann_snn_baseline,Базовое сравнение ANN/SNN,baseline,main_baseline,SNN (frog_lib_snn),SNN,frog_lib_snn,SNN,baseline,baseline,20,,,,
SNN,developmental,7,5,21.8,11.93984924527944,1.3079999999999998,0.7163909547167663,1.0,0.0,0.20800000000000002,0.003999999999999992,60.26333333333333,21.070385747668585,3.906226099634099,1.1626823906879709,0.14590259740259742,0.02602611983783713,-2.095560519335474,1.3559435660603407,41.81821928392549,36.953543461071014,0.009533075775493926,0.008859264798023216,3.8630927416208776,1.0845718347133504,683.1414228623245,194.67773196043657,1.0,0.0,0.10320790499822759,0.020295711293021976,1.2127966634091862,0.5297275642112771,1.8896052492430093,1.2258790854181552,0.12453642061760939,0.17826688590493314,0.4772229297515677,0.39253472799142464,4.827931454938033,1.2199721980723504,0.12453642061760939,0.17826688590493314,0.4772229297515677,0.39253472799142464,4.827931454938033,1.2199721980723504,27.073344159999397,0.6242026934429628,3.166,0.9631323896536759,0.03640738068181818,0.007564555597349729,12.815397999999998,2.6627235702671053,94085.07830866954,70015.21774046123,0.0,0.0,,,,,,,,,,,,,,,0.0,0.0,0.0,0.0,ann_snn_baseline,Базовое сравнение ANN/SNN,baseline,main_baseline,SNN (frog_lib_snn),SNN,frog_lib_snn,SNN,baseline,baseline,20,,,,
SNN,developmental,8,5,15.0,6.260990336999411,0.9,0.3756594202199646,1.0,0.0,0.14,0.006324555320336755,78.8425,77.14943044993916,3.0913455108028156,1.1516636483747653,0.1346051282051282,0.02837729088088449,-2.9157894736842107,2.323098513537708,45.48863310466867,38.88625929135794,0.007066584438548723,0.004048375686116231,4.038761547196094,0.6204579357241827,715.0934308864448,115.08035430193621,1.0,0.0,0.12379864253393666,0.01721637868872725,0.8335649122807018,0.3166544067996604,2.6740184161575584,2.225533219571367,0.12091699970632666,0.07799788241156874,0.40994942681998775,0.3569829910682507,5.200268506314475,2.5952844321377286,0.12091699970632666,0.07799788241156874,0.40994942681998775,0.3569829910682507,5.200268506314475,2.5952844321377286,27.046416179995866,0.8210796252220006,75.33,77.10125323235674,0.031351710227272726,0.002090913539659917,11.035802,0.7360015659602905,108510.53894736842,87112.44309810296,0.0,0.0,,,,,,,,,,,,,,,0.0,0.0,0.0,0.0,ann_snn_baseline,Базовое сравнение ANN/SNN,baseline,main_baseline,SNN (frog_lib_snn),SNN,frog_lib_snn,SNN,baseline,baseline,20,,,,
SNN,developmental,9,5,13.8,8.133879763065101,0.828,0.48803278578390613,1.0,0.0,0.21600000000000003,0.02497999199359359,149.33,105.7347693523753,2.1311125878212183,0.7479914952101393,0.12792943686288918,0.032850857313873515,-3.6302665628263795,3.2319243238083435,82.99610652322063,115.05375886515519,0.011511387173949702,0.015291379649448884,2.9562393422133253,0.9997414078474633,523.1001840032216,183.2108760349931,1.0,0.0,0.11297239057239057,0.02971958325742093,4.525691774891775,7.02972168272518,3.467538097117258,3.164596687806298,0.19859437625281426,0.1683258837116856,0.331177703044787,0.3124484370139937,3.7581478996196322,1.1880577617062638,0.19859437625281426,0.1683258837116856,0.331177703044787,0.3124484370139937,3.7581478996196322,1.1880577617062638,27.934644840002875,1.1521227955030646,144.525,106.54262844045101,0.03438113068181818,0.010837905000222156,12.102158,3.814942560078198,180920.86904761905,220277.17955118848,0.0,0.0,,,,,,,,,,,,,,,0.0,0.0,0.0,0.0,ann_snn_baseline,Базовое сравнение ANN/SNN,baseline,main_baseline,SNN (frog_lib_snn),SNN,frog_lib_snn,SNN,baseline,baseline,20,,,,
SNN_FROZEN,adult,0,5,26.2,2.6381811916545836,1.5719999999999998,0.15829087149927498,1.0,0.0,0.136,0.004898979485566361,8.022,2.540719583110265,6.369862737199851,0.34854366363622447,0.16432117289759168,0.004048098216375209,-1.0892654039809226,0.1470722310789596,2.451277645342661,0.10449041850595654,0.0,0.0,2.7628072602937626,0.39089362701941144,474.23027133872665,68.16880990996319,1.0,0.0,0.20107774891774893,0.022680177932792686,1.052118148148148,0.18080751454909474,0.9391458322585187,0.0967254655799183,0.4001415927265505,0.06966256454918761,0.32688860233872064,0.18330379941028277,12.365475364739613,1.8962127925302454,0.4001415927265505,0.06966256454918761,0.32688860233872064,0.18330379941028277,12.27945385936328,2.067045109764134,24.354003619996366,0.3466327858940354,0.0,0.0,0.015225210227272728,0.0007817239869177761,5.359274,0.27516684339505737,20549.453320191158,941.7803099031296,0.0,0.0,,,,,,,,,,,,,,,0.0,0.0,0.0,0.0,ann_snn_baseline,Базовое сравнение ANN/SNN,baseline,main_baseline,SNN frozen (frog_lib_snn_frozen),SNN frozen,frog_lib_snn_frozen,SNN,baseline_frozen,baseline,21,,,,
SNN_FROZEN,adult,1,5,16.4,2.5768197453450252,0.984,0.15460918472070154,1.0,0.0,0.134,0.007999999999999997,9.074,1.8426567775904443,3.7611690880205133,0.20037702987572606,0.15031198867925108,0.011963533103666345,-1.69246007972942,0.4991850116375416,4.0201894206316044,0.6270622521585999,0.0,0.0,2.666632404216735,0.64853401877115,455.8033661722995,112.84492930019499,1.0,0.0,0.22642279942279941,0.05546165757248967,1.1970091575091577,0.2350569045773155,1.5106379161356358,0.2469809330397902,0.3859538679470252,0.16119140911615165,0.2589296502184551,0.34306819073059885,6.999963137292243,1.663861840653335,0.3859538679470252,0.16119140911615165,0.2589296502184551,0.34306819073059885,6.999963137292243,1.663861840653335,24.16256414000236,0.4854923847239256,0.0,0.0,0.015338960227272727,0.0016601725389793981,5.3993139999999995,0.5843807337207481,33212.22097069597,2359.394499494837,0.0,0.0,,,,,,,,,,,,,,,0.0,0.0,0.0,0.0,ann_snn_baseline,Базовое сравнение ANN/SNN,baseline,main_baseline,SNN frozen (frog_lib_snn_frozen),SNN frozen,frog_lib_snn_frozen,SNN,baseline_frozen,baseline,21,,,,
SNN_FROZEN,adult,2,5,24.0,3.4641016151377544,1.44,0.2078460969082652,1.0,0.0,0.132,0.0040000000000000036,8.08,3.7801111094781334,6.064053829388374,0.7500109545002694,0.16013053676597372,0.004626556965804621,-1.250161030152674,0.18193797925892127,2.6763105294470164,0.5799085413475249,0.0,0.0,2.5738256898101626,0.3292995172715305,443.0056647021608,56.41388928219319,1.0,0.0,0.19501470588235295,0.03284448257145642,1.1309208617913267,0.0632465430577279,0.921228581347966,0.15634094635607584,0.2490910057655773,0.21652775696079776,0.22351106792220782,0.28957892196423757,10.243123836927907,2.837913037187047,0.2490910057655773,0.21652775696079776,0.22351106792220782,0.28957892196423757,9.89536715924396,2.765646732868452,21.644182919999004,1.7167396388301102,0.0,0.0,0.015136443181818181,0.0005026793755052703,5.328028,0.1769431401778547,22693.055140842276,3514.9314234262474,0.0,0.0,,,,,,,,,,,,,,,0.0,0.0,0.0,0.0,ann_snn_baseline,Базовое сравнение ANN/SNN,baseline,main_baseline,SNN frozen (frog_lib_snn_frozen),SNN frozen,frog_lib_snn_frozen,SNN,baseline_frozen,baseline,21,,,,
SNN_FROZEN,adult,3,5,18.2,1.9390719429665315,1.092,0.1163443165779919,1.0,0.0,0.15,0.006324555320336755,70.488,79.6370364591752,3.60318886366181,0.45087780151387963,0.15254179280611457,0.0040832972772576505,-1.560277401285709,0.17551570464092273,4.193455336811096,0.8062454268207482,0.0,0.0,3.171725148093473,0.6366992881195668,543.2110411956367,111.24027247050716,1.0,0.0,0.23262185110211425,0.055250131308420915,1.4515338235294117,0.14837479864755473,1.0925872414286713,0.11787833925744082,0.5585821532681481,0.12363215088739274,0.2609249914801895,0.2590729159740517,6.841995799756532,1.7940063140088687,0.5585821532681481,0.12363215088739274,0.2609249914801895,0.2590729159740517,6.841995799756532,1.7940063140088687,19.65750314000179,0.2690056440367007,0.0,0.0,0.016156789772727272,0.001445570389601047,5.687189999999999,0.5088407771395682,31414.400063025212,2637.082913755209,0.0,0.0,,,,,,,,,,,,,,,0.0,0.0,0.0,0.0,ann_snn_baseline,Базовое сравнение ANN/SNN,baseline,main_baseline,SNN frozen (frog_lib_snn_frozen),SNN frozen,frog_lib_snn_frozen,SNN,baseline_frozen,baseline,21,,,,
SNN_FROZEN,adult,4,5,21.6,5.083306010855534,1.2959999999999998,0.304998360651332,1.0,0.0,0.13,0.0,43.672000000000004,61.50921960161745,4.686810970445171,0.9416502059673174,0.1562175427091791,0.009054757078678833,-1.4219689254878083,0.35662392672430343,3.5447931564993476,0.9174474200720539,0.0,0.0,2.9946317993084195,0.5690862952536743,514.0060665664316,100.42900762851629,1.0,0.0,0.22744904214559386,0.039854606975311284,1.2848325436024077,0.2154047843805091,0.94977114695096,0.19515891654229037,0.41282812463167184,0.20532105231763084,0.3971930983629831,0.23117764784029068,6.6180972950359545,2.328776722077898,0.41282812463167184,0.20532105231763084,0.3971930983629831,0.23117764784029068,6.542061304667182,2.363373287968535,19.552123660003417,0.1153707808660528,0.0,0.0,0.015998852272727272,0.001201110645823196,5.631596,0.42279094732976497,27196.941088130883,5565.600755190681,0.0,0.0,,,,,,,,,,,,,,,0.0,0.0,0.0,0.0,ann_snn_baseline,Базовое сравнение ANN/SNN,baseline,main_baseline,SNN frozen (frog_lib_snn_frozen),SNN frozen,frog_lib_snn_frozen,SNN,baseline_frozen,baseline,21,,,,
SNN_FROZEN,adult,5,5,12.8,1.6,0.768,0.09599999999999997,1.0,0.0,0.8720000000000001,0.5923647524962977,334.73400000000004,178.9034213870713,2.740775025531073,0.30813911393108717,0.13917758015172074,0.011542349569544386,-2.2317968716186494,0.5655461374709263,4.421682184841416,0.5581513672807826,0.0,0.0,2.348424592848916,0.42370861288415446,402.30797445747606,74.36314090326596,1.0,0.0,0.2642769230769231,0.037754692486282125,1.4464000000000001,0.161148264269036,1.7360172594357983,0.2799849069439679,0.3083145601727065,0.13282372226361472,0.17222040747658107,0.22879008499787953,5.117928853125945,1.5204614063674993,0.3083145601727065,0.13282372226361472,0.17222040747658107,0.22879008499787953,5.117928853125945,1.5204614063674993,21.779536039999222,1.1363233011521678,0.0,0.0,0.014524414772727274,0.0009593519942661176,5.112594,0.3376919019816733,40370.31384615385,3947.1094814036987,0.0,0.0,,,,,,,,,,,,,,,0.0,0.0,0.0,0.0,ann_snn_baseline,Базовое сравнение ANN/SNN,baseline,main_baseline,SNN frozen (frog_lib_snn_frozen),SNN frozen,frog_lib_snn_frozen,SNN,baseline_frozen,baseline,21,,,,
SNN_FROZEN,adult,6,5,15.4,1.8547236990991407,0.9239999999999998,0.11128342194594844,1.0,0.0,1.334,0.5041269681340207,488.48199999999997,201.10027492770865,2.453430659455573,0.3783246111141092,0.1485324961287642,0.007999556111722783,-1.7516904546354568,0.3558120470359468,4.988021373839805,0.5912660131243183,0.0,0.0,3.2295701656883,0.36740601184098004,550.5146340775161,62.84022743149604,1.0,0.0,0.22174358974358976,0.03501156003326876,1.5248133448251096,0.10833077063180536,1.4543876037419836,0.1782444588746295,0.7348914968180064,0.09404359784639907,0.27083617947886995,0.2570909022032284,3.68983001003832,0.8699848636639634,0.7348914968180064,0.09404359784639907,0.27083617947886995,0.2570909022032284,3.68983001003832,0.8699848636639634,22.07745642000227,0.7339087182510421,0.0,0.0,0.016098363636363636,0.0009985016173847381,5.6666240000000005,0.35147256931942766,37131.594810026574,3170.8512401783796,0.0,0.0,,,,,,,,,,,,,,,0.0,0.0,0.0,0.0,ann_snn_baseline,Базовое сравнение ANN/SNN,baseline,main_baseline,SNN frozen (frog_lib_snn_frozen),SNN frozen,frog_lib_snn_frozen,SNN,baseline_frozen,baseline,21,,,,
SNN_FROZEN,adult,7,5,20.6,2.8,1.236,0.16799999999999998,1.0,0.0,0.21000000000000002,0.037947331922020565,6.6,1.5223008901002457,4.9196407053261435,0.9365360870780748,0.1562943136061334,0.005696203098452922,-1.407073491496067,0.24395382872714233,3.192898151853927,0.8976471834884813,0.0,0.0,2.71823275923933,0.746080711105742,465.45558957744163,129.08205457421542,1.0,0.0,0.1913692307692308,0.027275672440438013,1.1181291866028709,0.12870419340163977,1.060410275115747,0.16156523598158987,0.46377669555132045,0.25898792332172416,0.11197685811606595,0.2239537162321319,9.944093638488303,1.952253514187549,0.46377669555132045,0.25898792332172416,0.11197685811606595,0.2239537162321319,9.803000164061507,2.075604123531595,21.400787300002413,0.39228559156715254,0.0,0.0,0.015243392045454546,0.001504199154499566,5.365674,0.5294781023838472,26496.885645933013,3995.175612018464,0.0,0.0,,,,,,,,,,,,,,,0.0,0.0,0.0,0.0,ann_snn_baseline,Базовое сравнение ANN/SNN,baseline,main_baseline,SNN frozen (frog_lib_snn_frozen),SNN frozen,frog_lib_snn_frozen,SNN,baseline_frozen,baseline,21,,,,
SNN_FROZEN,adult,8,5,16.2,3.8157568056677826,0.9719999999999999,0.22894540834006694,1.0,0.0,0.13,0.0,116.52000000000001,205.09301187510022,3.82298533955949,0.5683794689002989,0.1444059144589887,0.010696612761901245,-1.9660681057500686,0.5563594919499298,3.909018072518122,0.5969739509934191,0.0,0.0,2.6372348360272726,0.7954556995838353,454.05285885180126,137.32137821798355,1.0,0.0,0.21587442002442003,0.04158939154562704,1.1684825396825396,0.29063183939833304,1.4317701278097599,0.39894178897990695,0.3464710492681885,0.18811811959105473,0.3265610201682308,0.3191311726712664,6.421609387667442,2.157869883764377,0.3464710492681885,0.18811811959105473,0.3265610201682308,0.3191311726712664,6.269286463067297,2.148795842220478,21.70827890000364,0.15158229543860038,0.0,0.0,0.015129448863636364,0.0016915179901464698,5.325566,0.5954143325315574,34240.83746031746,6231.796393830783,0.0,0.0,,,,,,,,,,,,,,,0.0,0.0,0.0,0.0,ann_snn_baseline,Базовое сравнение ANN/SNN,baseline,main_baseline,SNN frozen (frog_lib_snn_frozen),SNN frozen,frog_lib_snn_frozen,SNN,baseline_frozen,baseline,21,,,,
SNN_FROZEN,adult,9,5,19.0,3.1622776601683795,1.1400000000000001,0.18973665961010275,1.0,0.0,0.18,0.008944271909999154,16.474,6.038114275169028,4.325491445008923,0.5106002279706494,0.15327487390582897,0.006871750902704493,-1.5381645076391846,0.31098951813724673,3.816291422799104,0.7961397239733081,0.0,0.0,2.8915127976222137,0.7195699564325573,497.78928234021566,125.22776450672991,1.0,0.0,0.21916828647788403,0.0419057848487305,1.2613179028132993,0.09656822796695663,1.2162748316415315,0.2262384777929584,0.358753617830878,0.1535709805752203,0.4416040502330166,0.15481569903313191,6.557348959130712,2.4125525498160134,0.358753617830878,0.1535709805752203,0.4416040502330166,0.15481569903313191,6.557348959130712,2.4125525498160134,22.42837865999609,0.9765962867023104,0.0,0.0,0.015838954545454545,0.001603864440428869,5.575311999999999,0.5645602830309618,29922.98954694921,4001.372294545985,0.0,0.0,,,,,,,,,,,,,,,0.0,0.0,0.0,0.0,ann_snn_baseline,Базовое сравнение ANN/SNN,baseline,main_baseline,SNN frozen (frog_lib_snn_frozen),SNN frozen,frog_lib_snn_frozen,SNN,baseline_frozen,baseline,21,,,,
SNN_FROZEN,developmental,0,5,26.2,6.144916598294887,1.5719999999999998,0.36869499589769317,1.0,0.0,0.164,0.008000000000000007,16.322,13.31352304989179,6.038994981350269,1.0648166374623742,0.16158513708513708,0.006059480586764369,-1.1971055260528944,0.224562642056347,2.597443601856411,0.20185870636351952,0.0,0.0,2.8167345663136496,0.5598313020771641,486.7717917662891,98.75067017350278,1.0,0.0,0.16974678837052065,0.022210642775697703,1.2267972772841194,0.21190578640667862,0.8465733746239874,0.16474427909901168,0.23866583406388608,0.13607537475056092,0.3303467042356128,0.2216514021456488,11.576347569142701,2.643747699465095,0.23866583406388608,0.13607537475056092,0.3303467042356128,0.2216514021456488,11.438559074482018,2.5413354233042584,21.224770399997944,1.119673961955031,3.992,1.3813095236043222,0.015608545454545455,0.0013013403878597242,5.4942079999999995,0.4580718165266227,21600.55517771702,2775.3883627647588,0.0,0.0,,,,,,,,,,,,,,,0.0,0.0,0.0,0.0,ann_snn_baseline,Базовое сравнение ANN/SNN,baseline,main_baseline,SNN frozen (frog_lib_snn_frozen),SNN frozen,frog_lib_snn_frozen,SNN,baseline_frozen,baseline,21,,,,
SNN_FROZEN,developmental,1,5,19.2,3.3105890714493698,1.152,0.1986353442869622,1.0,0.0,0.134,0.004898979485566361,61.65599999999999,100.99648679038296,4.087507037630255,0.5414702251745265,0.15537355060755076,0.011425225858861373,-1.4697547479860587,0.45849282011278425,4.084134832560968,0.8198250477250827,0.0,0.0,3.2174796205822305,0.8384868679994265,555.8965602305118,144.81524098410225,1.0,0.0,0.20547748783724015,0.04559126625209117,1.5600392857142857,0.2697671828803193,1.1775977900833339,0.23177925979759587,0.40962053451177793,0.2778928515152862,0.4748856927126007,0.3065598760141423,6.71606375358496,2.356981713691543,0.40962053451177793,0.2778928515152862,0.4748856927126007,0.3065598760141423,6.71606375358496,2.356981713691543,21.871872740000253,0.947268989514426,3.996,1.1555535470068015,0.01650790909090909,0.001990811624796815,5.810784,0.700765691928479,30644.495476190477,3087.4451005970786,0.0,0.0,,,,,,,,,,,,,,,0.0,0.0,0.0,0.0,ann_snn_baseline,Базовое сравнение ANN/SNN,baseline,main_baseline,SNN frozen (frog_lib_snn_frozen),SNN frozen,frog_lib_snn_frozen,SNN,baseline_frozen,baseline,21,,,,
SNN_FROZEN,developmental,2,5,23.0,4.33589667773576,1.38,0.26015380066414556,1.0,0.0,0.20800000000000002,0.05979966555090421,10.414,3.9127310155440025,5.253667511112864,1.3722251432322377,0.16024609211716465,0.005222570449737643,-1.2470527369758684,0.20415841889563538,3.3208605899480452,0.8898283404157367,0.0,0.0,3.0511895698919806,0.4773144197037762,524.3950688444247,80.00638838254451,1.0,0.0,0.19018803675856308,0.0384515140221305,1.4301069116328584,0.25495051798080204,0.9987603197773842,0.17787823222042853,0.5211977387505298,0.2067855759573705,0.24524855608056068,0.1538654394348648,9.653321105977664,3.877838934739525,0.5211977387505298,0.2067855759573705,0.24524855608056068,0.1538654394348648,9.653321105977664,3.877838934739525,22.24397105999815,0.8693270678271151,4.432,1.3262186848329351,0.016025176136363638,0.001112094018108917,5.640862,0.391457094374339,25410.188456393225,4825.565580265045,0.0,0.0,,,,,,,,,,,,,,,0.0,0.0,0.0,0.0,ann_snn_baseline,Базовое сравнение ANN/SNN,baseline,main_baseline,SNN frozen (frog_lib_snn_frozen),SNN frozen,frog_lib_snn_frozen,SNN,baseline_frozen,baseline,21,,,,
SNN_FROZEN,developmental,3,5,17.0,3.7416573867739413,1.02,0.2244994432064365,1.0,0.0,0.198,0.009797958971132715,109.70599999999999,84.64219623804667,3.2509733172548323,0.12163534325168326,0.14978437598517313,0.013581550139949054,-1.7262178852058394,0.5520051464129615,4.781363488751281,0.7624204012907209,0.0,0.0,3.360670457263372,0.9620441421976786,583.5282180652189,171.57682633362893,1.0,0.0,0.21407629870129868,0.03982329954679455,1.7089515082956261,0.17208009429547586,1.3689981485106304,0.34760102900308826,0.33603143565529986,0.16218928588098352,0.5840699198122029,0.3017700980824346,4.335405377128856,2.145680011521992,0.33603143565529986,0.16218928588098352,0.5840699198122029,0.3017700980824346,4.335405377128856,2.145680011521992,22.08825044000114,1.93192290704342,7.896000000000001,1.449835852777824,0.0167265,0.0025025208523432345,5.887728,0.8808873400248183,35223.575309200605,3663.432207849551,0.0,0.0,,,,,,,,,,,,,,,0.0,0.0,0.0,0.0,ann_snn_baseline,Базовое сравнение ANN/SNN,baseline,main_baseline,SNN frozen (frog_lib_snn_frozen),SNN frozen,frog_lib_snn_frozen,SNN,baseline_frozen,baseline,21,,,,
SNN_FROZEN,developmental,4,5,19.8,3.1874754901018454,1.188,0.1912485294061107,1.0,0.0,0.16999999999999998,0.01414213562373095,17.214000000000002,3.939089234835891,4.249808178897842,0.65773615392707,0.15447027970448274,0.004052909999239598,-1.4781599624519468,0.16857854446503978,3.289247038949431,0.41321834329402046,0.0,0.0,2.738271239746935,0.37972553097470874,470.62446500761655,64.48952191912052,1.0,0.0,0.20283835005574136,0.01732851426955382,1.537150614708126,0.14055684154723191,1.2786877267722125,0.224214175327759,0.41569646833891605,0.17076466518199354,0.15233292985101654,0.19514368689687997,7.489413249096954,1.6748594755962927,0.41569646833891605,0.17076466518199354,0.15233292985101654,0.19514368689687997,7.259624482687357,1.697072800675242,24.609998959998485,0.8530648070084579,9.73,3.996978859088449,0.015282136363636364,0.0007510774995845851,5.3793120000000005,0.2643792798537737,27732.65757840894,3685.987884256842,0.0,0.0,,,,,,,,,,,,,,,0.0,0.0,0.0,0.0,ann_snn_baseline,Базовое сравнение ANN/SNN,baseline,main_baseline,SNN frozen (frog_lib_snn_frozen),SNN frozen,frog_lib_snn_frozen,SNN,baseline_frozen,baseline,21,,,,
SNN_FROZEN,developmental,5,5,11.4,0.8,0.6839999999999999,0.048,1.0,0.0,2.112,0.8164900489289506,662.158,149.58231932952503,2.1136483097537657,0.3913012366671501,0.13381649725184128,0.0032208094910795883,-2.4771966314328226,0.17774306656201705,5.426477623550657,0.7963349487501585,0.0,0.0,2.6004023107402126,0.38404028110364596,446.0904801155374,65.74166975209276,1.0,0.0,0.2185681818181818,0.0552855119617626,1.7754878787878787,0.293917071692237,2.2866905768184655,0.19413048086853427,0.3654248792959268,0.16133252291998892,0.16004852346873377,0.23106424740443318,3.711970157910249,1.2152573271349607,0.3654248792959268,0.16133252291998892,0.16004852346873377,0.23106424740443318,3.711970157910249,1.2152573271349607,25.91709770000307,0.5412382788446395,250.752,287.1698507434233,0.014933056818181818,0.0007682837573147153,5.256436,0.27043588257477946,46309.60909090909,3650.5635040841003,0.0,0.0,,,,,,,,,,,,,,,0.0,0.0,0.0,0.0,ann_snn_baseline,Базовое сравнение ANN/SNN,baseline,main_baseline,SNN frozen (frog_lib_snn_frozen),SNN frozen,frog_lib_snn_frozen,SNN,baseline_frozen,baseline,21,,,,
SNN_FROZEN,developmental,6,5,19.0,5.966573556070519,1.14,0.3579944133642311,1.0,0.0,1.26,0.46908421418760193,143.3825,148.68086080175215,3.4835628028346277,1.203150102656508,0.15347944433436805,0.02036342852823107,-1.641041818521768,0.9540444523258866,4.517071078559995,1.1778077744925288,0.0,0.0,3.286283167046107,0.753302858057408,567.9078472223222,130.01911332103748,1.0,0.0,0.2188842105263158,0.04269544468945039,1.8366365729680947,0.2590584047957102,1.5709041181578935,0.6745770420443096,0.5685042394615873,0.5666554230934555,0.4853148130984257,0.27357615831341586,4.514036375526714,2.5384203168040775,0.5685042394615873,0.5666554230934555,0.4853148130984257,0.27357615831341586,4.514036375526714,2.5384203168040775,25.98962808000215,0.3136527277771505,23.402,27.86276396913989,0.01665578409090909,0.0018448670072583988,5.862836,0.6493931865549563,34467.68752587992,11771.694667441732,0.0,0.0,,,,,,,,,,,,,,,0.0,0.0,0.0,0.0,ann_snn_baseline,Базовое сравнение ANN/SNN,baseline,main_baseline,SNN frozen (frog_lib_snn_frozen),SNN frozen,frog_lib_snn_frozen,SNN,baseline_frozen,baseline,21,,,,
SNN_FROZEN,developmental,7,5,17.8,3.655133376499413,1.068,0.2193080025899648,1.0,0.0,0.24,0.03521363372331802,7.5760000000000005,1.745400813566901,4.07677338824235,0.5334701816295766,0.15428500524912409,0.014941175527521238,-1.5436900763608241,0.6435774636321819,3.5365769561160554,0.4158445516619414,0.0,0.0,2.5996646841024718,0.7084544204036217,444.57336309737394,122.59060824688628,1.0,0.0,0.2100275641025641,0.058932489303687635,1.3905190476190477,0.29119957327221985,1.4841763536192523,0.354684643998795,0.46744275113826983,0.2946295969320907,0.18461232015155896,0.23133921504105992,7.957952689742591,0.626646677316414,0.46744275113826983,0.2946295969320907,0.18461232015155896,0.23133921504105992,7.957952689742591,0.626646677316414,25.149214280003797,0.5481082947007585,2.9080000000000004,1.0423511884197187,0.015150801136363638,0.001465121928189872,5.333082,0.515722918722835,30857.19476190476,4610.860407643229,0.0,0.0,,,,,,,,,,,,,,,0.0,0.0,0.0,0.0,ann_snn_baseline,Базовое сравнение ANN/SNN,baseline,main_baseline,SNN frozen (frog_lib_snn_frozen),SNN frozen,frog_lib_snn_frozen,SNN,baseline_frozen,baseline,21,,,,
SNN_FROZEN,developmental,8,5,31.0,7.0710678118654755,1.8599999999999999,0.42426406871192845,1.0,0.0,0.136,0.007999999999999997,9.878,1.5575544934287209,6.661341510349276,1.6972192641571973,0.16760412697963023,0.007570062075856946,-0.9787923378202705,0.27357291362969666,2.9821920117760876,0.688759965004382,0.0,0.0,3.6033803618918903,0.524954522031322,619.9879175653969,93.78997821524692,1.0,0.0,0.18730946824073758,0.02527856919661852,1.497455578238187,0.09366752430357178,0.8714785143546953,0.21635360709969206,0.4570518694348805,0.20165960335043104,0.38691578756980594,0.3335360246976497,8.707993441516777,3.89526306012457,0.4570518694348805,0.20165960335043104,0.38691578756980594,0.3335360246976497,8.707993441516777,3.89526306012457,25.509164779999992,0.9604890377398498,4.0,0.7138627319029898,0.017464454545454547,0.001356276864403359,6.147488,0.477409456269982,20828.211450674928,4500.192424016804,0.0,0.0,,,,,,,,,,,,,,,0.0,0.0,0.0,0.0,ann_snn_baseline,Базовое сравнение ANN/SNN,baseline,main_baseline,SNN frozen (frog_lib_snn_frozen),SNN frozen,frog_lib_snn_frozen,SNN,baseline_frozen,baseline,21,,,,
SNN_FROZEN,developmental,9,5,17.2,3.54400902933387,1.032,0.21264054176003216,1.0,0.0,0.202,0.007483314773547877,140.334,243.03517857297945,3.7433336001080213,0.9024563730040481,0.15022799870085096,0.009295451140064123,-1.6837919535105623,0.4407156961461674,4.093688107767809,0.7261008314553267,0.0,0.0,2.86239533881128,0.2891623326609231,494.3097749808518,50.697932102069366,1.0,0.0,0.22712020202020203,0.03371494288250826,1.722754723707665,0.12111569357467107,1.577811914919744,0.34011520095119024,0.3710010573578078,0.16580595159723532,0.37957130415824775,0.26384240239447765,5.238170381569215,1.5723228086829626,0.3710010573578078,0.16580595159723532,0.37957130415824775,0.26384240239447765,5.238170381569215,1.5723228086829626,25.96095915999904,0.43128767083474434,4.92,0.8985543945694106,0.015635960227272726,0.0007588400856360861,5.503857999999999,0.2671117101439024,33249.16969696969,6394.2902083604,0.0,0.0,,,,,,,,,,,,,,,0.0,0.0,0.0,0.0,ann_snn_baseline,Базовое сравнение ANN/SNN,baseline,main_baseline,SNN frozen (frog_lib_snn_frozen),SNN frozen,frog_lib_snn_frozen,SNN,baseline_frozen,baseline,21,,,,
BIO_COMPARE,adult,0,5,50.6,7.002856560004639,3.0359999999999996,0.4201713936002783,0.9183675428561294,0.04298708457637346,0.038,0.004000000000000001,43.944,5.989152193758312,5.708805545039152,0.13488133001103395,0.19240210619351245,0.007021461806599135,-0.20456723051836856,0.1951478849578236,1.299938078195552,0.1344176369377931,0.7294371197498672,0.03889156475153466,0.41967491079020736,0.02687541474709577,18.867327188539992,3.1000503181956853,1.0,0.0,2.3749752094316188,0.2736093387361087,7.10270146716185,0.6690811114352254,29.807323810936843,3.733876304498381,0.6080413468119128,0.0,0.28446301600350377,0.35299171476318575,4.265567365711961,0.6974311704450294,0.6080413468119128,0.0,0.4300211879756275,0.42067848935612745,4.620569360802448,0.7646591839062535,1482.1130260799953,16.600653374237197,0.0,0.0,,,,,,,0.20691705348649644,0.03371989721935006,0.24218080038313392,0.10738962807297872,0.40448371543441697,0.03298166435454809,0.5842100988385348,0.02720746348499889,,,,,,,,,0.5628885433072044,0.02312983940152644,0.6320682668619758,0.04123429787875922,bio_compare_family,Семейство compare-биолягушек,bio,bio_family,BioFrog compare (Frog_predator_neuro_compare),BIO compare,Frog_predator_neuro_compare,BIO,bio_compare,bio_family,40,,,0.17206843099712282,0.011715136913488865
BIO_COMPARE,adult,1,5,44.8,23.633873994755916,2.6879999999999997,1.418032439685355,0.9189626163310374,0.02703491566028801,0.062,0.03919183588453085,69.03999999999999,20.313290230782407,5.197915064220413,1.6648009017805838,0.17879090491025706,0.025239701751799612,-0.7259772659256486,0.9454995503595971,1.4452351301857485,0.4717072724424891,0.7318781583069205,0.057315427659544324,0.34993648504649505,0.08914661699896638,14.96566286761433,5.184140362412766,1.0,0.0,2.500723765961502,0.3258553868441335,6.146396960425902,0.7360174405810413,34.439287233296,14.077762712218309,0.0,0.0,0.2710836266167644,0.23047437067717996,4.399774044255132,0.7411148556344597,0.0,0.0,0.2710836266167644,0.23047437067717996,4.806038347860002,0.8199194196472878,1234.4690977999999,324.43996684677444,0.0,0.0,,,,,,,0.1999578953435855,0.04396591301513152,0.3630135533595225,0.2440314739408099,0.3416197238578716,0.10046244017906318,0.5819079006093528,0.04669396445058124,,,,,,,,,0.5066409322997193,0.07079569327743993,0.5408931919671293,0.11874819965307919,bio_compare_family,Семейство compare-биолягушек,bio,bio_family,BioFrog compare (Frog_predator_neuro_compare),BIO compare,Frog_predator_neuro_compare,BIO,bio_compare,bio_family,40,,,0.15405509391847538,0.0330248941070556
BIO_COMPARE,adult,2,5,27.6,10.248902380255165,1.656,0.6149341428153099,0.8993552546744036,0.06712303592275443,0.16,0.05176871642217914,48.704,26.428378383850948,4.179137971574544,0.8408329491166958,0.16429493391245525,0.019938229583279413,-1.1788955634440612,0.7685897889992626,2.256204730861005,0.4613918566856076,0.7269607526464276,0.030539219662522845,0.36428326167069913,0.06900083891383876,13.734345460402613,3.356551765795372,1.0,0.0,2.4494769912749788,0.13704996076646161,7.240030235690236,1.648094973133939,45.81902794463351,9.59494066819892,0.0,0.0,0.31060729347652755,0.2773722204232835,3.809280424627972,1.044683806608587,0.0,0.0,0.3418711342393819,0.2845559004455234,4.346245863451127,1.5644569345426886,1176.3859732599958,271.93851630664614,0.0,0.0,,,,,,,0.14146504369271568,0.05753905604000985,0.47095205930213835,0.176939948066354,0.3291948490491303,0.07602548390421321,0.5896026031427494,0.0201669925431926,,,,,,,,,0.5023339294786989,0.05701722747749972,0.5189232193934326,0.09470658769579955,bio_compare_family,Семейство compare-биолягушек,bio,bio_family,BioFrog compare (Frog_predator_neuro_compare),BIO compare,Frog_predator_neuro_compare,BIO,bio_compare,bio_family,40,,,0.1428087556512127,0.0232509651614092
BIO_COMPARE,adult,3,5,43.6,15.06784656146989,2.6159999999999997,0.9040707936881934,0.9590402652902652,0.016519629103052682,0.046,0.0048989794855663574,124.68199999999999,39.661302752178976,4.046756765253825,0.8322341922036101,0.19501414694349287,0.0043303126790469664,-0.13044459028437008,0.11761111360438621,1.6036027271482909,0.40932308501670467,0.7469084185406518,0.02956192270066097,0.4230880604563172,0.0291805708486239,16.706105045175782,2.246399999023717,1.0,0.0,2.870397485341338,0.26695543088351814,7.583472093677389,1.170933773337655,37.86032533094404,9.801434025796627,0.0,0.0,0.3997845967111534,0.25468797524803566,3.614180018945315,1.0205754010807708,0.0,0.0,0.5005828545702541,0.2790405486605268,3.7106293427374957,1.04502605193266,1508.66739466,28.167427685098602,0.0,0.0,,,,,,,0.21139416720781776,0.04178456635930821,0.21729069435628837,0.07014016603367161,0.37969001738068303,0.05562175821145308,0.555038767199774,0.025653874239395812,,,,,,,,,0.5498203981225396,0.030528474015827516,0.6126344239784791,0.05282922835749405,bio_compare_family,Семейство compare-биолягушек,bio,bio_family,BioFrog compare (Frog_predator_neuro_compare),BIO compare,Frog_predator_neuro_compare,BIO,bio_compare,bio_family,40,,,0.16356184122125633,0.017831598227989773
BIO_COMPARE,adult,4,5,30.2,8.588364221433556,1.8119999999999998,0.5153018532860133,0.8893836317135551,0.018434523588053465,0.048,0.014696938456699069,67.098,31.574832636136016,4.303008577529612,0.9332187564766937,0.17593770314653612,0.017300273735213974,-0.7384870374993373,0.5568859385636615,1.8930190782628713,0.360257235026938,0.7482163657612992,0.051642736168444586,0.36835373114811315,0.059197290834691385,15.237411540492388,4.150680688583967,1.0,0.0,2.4305540540540544,0.35102975627424443,6.379122199217852,1.3905055222511662,48.524610249564525,10.35578992815332,0.22525635494863944,0.2788574791745426,0.3982212611079515,0.3142588983042961,3.8782525147264595,1.2495218999273325,0.2797671208249352,0.29306886630738854,0.5143877664322737,0.35733824774198425,4.280157989570188,1.2794947885521726,1389.9525132999988,183.17050271510817,0.0,0.0,,,,,,,0.16453717671865922,0.03258465672787179,0.4116506321481834,0.15278238727524526,0.3050395194641301,0.07408435547451442,0.5609763287574054,0.010444652205918701,,,,,,,,,0.49959204706453486,0.042512208510517804,0.525088088739609,0.06209195853279268,bio_compare_family,Семейство compare-биолягушек,bio,bio_family,BioFrog compare (Frog_predator_neuro_compare),BIO compare,Frog_predator_neuro_compare,BIO,bio_compare,bio_family,40,,,0.13873707975941107,0.021187171254261304
BIO_COMPARE,adult,5,5,28.8,13.12097557348538,1.7280000000000002,0.7872585344091229,0.9045244404067934,0.05036923774409404,6.864,4.833750510731806,284.496,194.44373279691996,2.5834853887019693,0.8503791120408235,0.17153113987447535,0.022119637916689385,-0.9319857608868224,0.7948858673804604,2.2841946766194594,0.565526396711199,0.7959156982308364,0.03735209485340882,0.4098032803432048,0.07367653922784861,16.125599366332754,4.234585415645032,1.0,0.0,3.292119601328904,0.5447096331967612,8.567395014005601,0.3572867916439037,65.30145007384164,28.327562133932922,0.4130687812700377,0.32451456885184876,0.21462304467136684,0.2666224966726941,2.626351200920708,0.34307259251683797,0.45026977825678066,0.33250313234526374,0.7802470835635248,0.832843699608169,2.867670088713584,0.3337846507577316,1525.6974743800006,48.743642055560954,0.0,0.0,,,,,,,0.19964853006286248,0.036270191233964744,0.3398039027916033,0.19589414115165163,0.32105391673535033,0.06266382798536942,0.5546615577121168,0.02704318262046326,,,,,,,,,0.5083422297781924,0.043588648289259985,0.5519657648040761,0.07017614211332152,bio_compare_family,Семейство compare-биолягушек,bio,bio_family,BioFrog compare (Frog_predator_neuro_compare),BIO compare,Frog_predator_neuro_compare,BIO,bio_compare,bio_family,40,,,0.14562887089948315,0.018495712007417214
BIO_COMPARE,adult,6,5,28.4,11.689311356961966,1.704,0.701358681417718,0.9417319749216301,0.04592771444029868,5.029999999999999,2.022859362387806,172.10750000000002,63.67989100767997,2.890237340607135,0.9703338448519855,0.1725149053362256,0.028164163726689947,-0.9930197445560033,1.2106354839263043,2.476967594731632,1.1948420720042294,0.7547501140400428,0.0731712550068733,0.3851544932954238,0.08207673034669852,17.517396316842348,4.483984954302971,1.0,0.0,3.012890559732665,0.7074752010732922,7.662248405017921,0.687461175589771,54.9131818173632,24.881172871563145,0.05106991471327627,0.05106991471327627,0.04170286707212812,0.08340573414425624,2.8336945680509107,0.9465138297458193,0.05106991471327627,0.05106991471327627,0.08340573414425624,0.16681146828851248,2.9961141612003166,1.0138801280465055,1290.3218314600003,263.8190664817212,0.0,0.0,,,,,,,0.16449242537752748,0.05436580503290705,0.35907292422242515,0.22183919121772233,0.34716993194324164,0.06522568401701793,0.5692180600969372,0.030691926105087107,,,,,,,,,0.511870516870223,0.05810324218848156,0.5444460184972254,0.10086978023597655,bio_compare_family,Семейство compare-биолягушек,bio,bio_family,BioFrog compare (Frog_predator_neuro_compare),BIO compare,Frog_predator_neuro_compare,BIO,bio_compare,bio_family,40,,,0.1491815522024884,0.021023422257550016
BIO_COMPARE,adult,7,5,34.6,9.478396488858229,2.0759999999999996,0.5687037893314937,0.9089960914059585,0.029999567808349357,0.057999999999999996,0.031240998703626614,48.244,34.262802337228635,4.469912607283456,0.9304215268440311,0.17926596040154008,0.010122704486223816,-0.59622935119844,0.3177395984993266,1.7493738192002517,0.3926712347707438,0.7630592525985983,0.06456314895487418,0.3901070981466599,0.04444710829438725,16.417734196849263,3.1341497623864947,1.0,0.0,2.771420860215054,0.2008652308549211,7.3530302408319645,1.3505359631823481,42.24122678143114,11.956026730934843,0.0,0.0,0.22252669070056733,0.19293121129842372,3.7657693663945593,0.7216908407445489,0.0,0.0,0.42893866449057494,0.27012150924692,4.083270786537589,0.8011075271189624,1373.3945639000012,199.09934869693265,0.0,0.0,,,,,,,0.18604830907244696,0.02326852674362087,0.3360686119149765,0.12281120459987033,0.3386739745030249,0.02568372523978662,0.5606497094934783,0.026811738582420388,,,,,,,,,0.5119538327204676,0.03216888485215201,0.54537679330454,0.05020638866289657,bio_compare_family,Семейство compare-биолягушек,bio,bio_family,BioFrog compare (Frog_predator_neuro_compare),BIO compare,Frog_predator_neuro_compare,BIO,bio_compare,bio_family,40,,,0.14928833343735443,0.007211520554993535
BIO_COMPARE,adult,8,5,44.0,15.112908389850048,2.6399999999999997,0.9067745033910029,0.925589530123165,0.04551123110979974,0.046,0.032,101.60400000000001,48.63780817429996,4.545599373636539,1.2909308221069893,0.18600582336813123,0.01922675094190808,-0.44465635075111615,0.6627701217033284,1.67990569632412,0.6793421945037069,0.7161653653441405,0.05730463382943201,0.4470644213492501,0.03270611042318262,19.350496979008785,2.4202458753717613,1.0,0.0,3.100360688401011,0.4667930402569694,6.807673723335489,0.8003611849792046,43.613694021029936,24.454268796360804,0.12943866764468448,0.12943866764468448,0.34204417197546444,0.31796321015692675,3.4458515839841057,1.0410256747598159,0.12943866764468448,0.12943866764468448,0.34204417197546444,0.31796321015692675,3.7354126197742312,1.120575913439913,1561.0943853000003,42.03148075599658,0.0,0.0,,,,,,,0.19966267790184675,0.028304883196395045,0.2443066973974109,0.11821860941685065,0.3607623632940487,0.05217842594325945,0.550103431385532,0.012340222461384021,,,,,,,,,0.5352307906686037,0.03222205738177187,0.5853629943975165,0.05243888325695684,bio_compare_family,Семейство compare-биолягушек,bio,bio_family,BioFrog compare (Frog_predator_neuro_compare),BIO compare,Frog_predator_neuro_compare,BIO,bio_compare,bio_family,40,,,0.1567479233969956,0.015727126222170495
BIO_COMPARE,adult,9,5,42.0,15.13935269422045,2.52,0.9083611616532269,0.9316407389850605,0.03236698885085027,0.05,0.0,82.852,8.545535442557128,4.7209988813888515,1.1430213778151876,0.1832675864455741,0.021810150488953357,-0.5515377238602416,0.7990592412150811,1.7420811160646366,0.7022268457961034,0.7791838987060032,0.038664020288833985,0.4124798949635708,0.07158815849667131,16.952985140450544,4.092794515942946,1.0,0.0,2.5733411001911,0.32421100953171655,6.202086734594533,0.5049697431890112,41.27518428923248,12.761614934749906,0.0,0.0,0.13700388886884984,0.18209175612780112,3.526539320031753,0.5581574066906293,0.0,0.0,0.28490554790235223,0.2736064400760029,3.7360640521787687,0.6306186616639247,1541.0348675200016,325.4902030080442,0.0,0.0,,,,,,,0.19227279847889825,0.03839200222012635,0.27325974371952066,0.20345614032428905,0.38502563155627495,0.0355552596800526,0.573691944225585,0.06140499323362281,,,,,,,,,0.541214420063451,0.04399017018787277,0.5892250012508182,0.08554993709611948,bio_compare_family,Семейство compare-биолягушек,bio,bio_family,BioFrog compare (Frog_predator_neuro_compare),BIO compare,Frog_predator_neuro_compare,BIO,bio_compare,bio_family,40,,,0.1628689072819435,0.01331518590776661
BIO_COMPARE,developmental,0,5,36.4,12.515590277729613,2.184,0.7509354166637767,0.9169359576968272,0.06162715003120492,0.062,0.064,58.379999999999995,22.053884011665613,4.521964793587786,1.0603576266396866,0.17774188784576833,0.021284593735720995,-0.7228586590751286,0.8098791218150172,1.7909968139129506,0.4797973862082946,0.7271209408703959,0.03266769708022085,0.37545183260535736,0.06940772843302828,15.722735037182659,3.93408092448688,1.0,0.0,2.7298529868823986,0.4723561394991553,7.119867826136279,1.2116399437987757,43.93172642856985,13.484449162212304,0.08053691275168841,0.1394940247706661,0.4569162787116833,0.2673923848805407,3.911860628195926,0.8558975582085478,0.08053691275168841,0.1394940247706661,0.5142807082283516,0.3297151427162707,4.278929334756203,0.8577250507943547,1430.5619400000026,263.93678025282765,5.372,1.1132546878410168,,,,,,,0.1767864609490634,0.0474078364474526,0.3565515834844685,0.18152883921813454,0.35200372777981775,0.07507557449861307,0.5784748012567833,0.023459578753225217,,,,,,,,,0.5228763324851549,0.06099566024693322,0.5649583967690462,0.1026546608346567,bio_compare_family,Семейство compare-биолягушек,bio,bio_family,BioFrog compare (Frog_predator_neuro_compare),BIO compare,Frog_predator_neuro_compare,BIO,bio_compare,bio_family,40,,,0.1541152018447211,0.024502286147432998
BIO_COMPARE,developmental,1,5,43.2,11.408768557561329,2.5919999999999996,0.6845261134536798,0.9026711399132115,0.05285354267803179,0.1,0.05059644256269407,74.14,21.008683918798912,4.729088060011316,0.8539770463401322,0.18603525749792466,0.015479618540451401,-0.41668699981930174,0.49781048399732414,1.6072588341159695,0.5647076859582861,0.7479376311632162,0.03722793046996919,0.437148252561267,0.04967814861720131,18.304878190132758,2.591486399048815,1.0,0.0,2.6698423652387784,0.4194887423147285,7.261790055725666,0.6242928409722528,38.419125416548795,11.842026200128807,0.29205607476641465,0.29205607476641465,0.3132397335290576,0.2936781452566389,3.7721370128622143,0.7558844853196355,0.5841121495328293,0.5841121495328293,0.3132397335290576,0.2936781452566389,4.171385746733337,0.8216077491905884,1525.7568919600017,88.13530965776256,10.666,4.125605894895924,,,,,,,0.19185733801307495,0.05119321070587549,0.271332928346394,0.1440858597116411,0.3511472647701876,0.033426707233891184,0.5539807447797066,0.028353243018772012,,,,,,,,,0.5262134170840345,0.01772356011541028,0.5719637684954476,0.033869251673907357,bio_compare_family,Семейство compare-биолягушек,bio,bio_family,BioFrog compare (Frog_predator_neuro_compare),BIO compare,Frog_predator_neuro_compare,BIO,bio_compare,bio_family,40,,,0.1543499198872864,0.010539843101970639
BIO_COMPARE,developmental,2,5,43.6,13.032267646115928,2.616,0.7819360587669557,0.8805970812257904,0.018044905333273513,0.128,0.06241794613730894,52.718,43.39372046736717,5.412220782285854,0.44175074766407146,0.18687295764968953,0.013389470474982184,-0.3815011164761677,0.4229308484449453,1.4284825206349194,0.2592718141059753,0.7357520663497088,0.019632835260289732,0.39485647502613685,0.07295372146626536,17.206265875053607,2.7056043714306055,1.0,0.0,2.5973090517803574,0.41697712647136387,5.925957397039897,0.9885100137775826,34.21404405438129,5.465438453855913,0.023470505398232262,0.040652107829057885,0.5681253998676109,0.3525265102620663,4.533965039571737,1.2122478746008454,0.33087059625928017,0.4709591495169713,0.6580070275957156,0.3445039242587166,5.094020722515644,1.3621885524213577,1439.6154796800024,286.2995895664864,2.628,0.03762977544445351,,,,,,,0.20084331404188763,0.04588937007427765,0.33097912447183125,0.18614441453637112,0.37422781124236604,0.040991588248865896,0.5934237756182024,0.053886999358182114,,,,,,,,,0.5292744556958084,0.058152800342417266,0.5768824729257633,0.101261944068776,bio_compare_family,Семейство compare-биолягушек,bio,bio_family,BioFrog compare (Frog_predator_neuro_compare),BIO compare,Frog_predator_neuro_compare,BIO,bio_compare,bio_family,40,,,0.16393191355368666,0.015425400965977701
BIO_COMPARE,developmental,3,5,36.2,8.863407922464136,2.1719999999999997,0.531804475347848,0.9137558497201599,0.046205230697047045,0.038,0.004000000000000001,89.46000000000001,36.67765750426273,4.0945179647954175,0.6550837369085634,0.1794905627825359,0.013685544870273611,-0.6035106430761575,0.42242547742511727,1.805342878356005,0.5008537923574425,0.6971952536321048,0.048585135836561974,0.40752326694518787,0.03363212906053544,14.773229415048661,1.0659462153391939,1.0,0.0,2.6571236559139786,0.27045694376667534,6.720413946608947,0.46874760262283993,44.294387221736905,12.380498652128255,0.11777384595390317,0.14481102455363606,0.48510635124035256,0.3396629481429417,3.832061033899391,0.8358609247030384,0.1726084282971812,0.22394131690076852,0.5626065330295917,0.3622357399654341,4.141009470849144,0.79669183672279,1497.5467114800006,119.1449260984673,15.092000000000002,4.095780267543659,,,,,,,0.19879584403641726,0.051326956059472593,0.3477541939736832,0.0702951942658894,0.3356586674878385,0.04119157097724721,0.564424682014842,0.02852498402534211,,,,,,,,,0.5170117750225346,0.0253400899223603,0.5594285056519139,0.043920304337720754,bio_compare_family,Семейство compare-биолягушек,bio,bio_family,BioFrog compare (Frog_predator_neuro_compare),BIO compare,Frog_predator_neuro_compare,BIO,bio_compare,bio_family,40,,,0.14964126807967457,0.01470212589598794
BIO_COMPARE,developmental,4,5,33.6,14.472042012100435,2.0159999999999996,0.868322520726026,0.8883863837312113,0.049798841891532754,0.062,0.03487119154832539,80.688,42.38261313321773,3.958604090698011,0.6289272568528181,0.17996029122764368,0.0163256599423376,-0.6047228293983877,0.5293034050576501,1.896344143689861,0.45263149918578977,0.769556718081839,0.04432078954785745,0.4063569159055575,0.052099000418661896,16.499675427178254,3.897459067429746,1.0,0.0,2.84528310387985,0.43429052835545723,6.8867299332119005,0.6379133989526319,51.66023634823377,15.054454960164168,0.2808143965955528,0.08122023805117429,0.3336898258057469,0.2185174100255726,3.360453831552145,0.6818770196604398,0.2808143965955528,0.08122023805117429,0.42144220437861646,0.23673106714269865,3.7989548258006223,0.8871122016686862,1523.3073303199985,74.26110190978861,3.12,0.49042838417041085,,,,,,,0.1834144887460655,0.015423595865880654,0.29251538844122316,0.1268193655338722,0.3173046356757118,0.05749011249413394,0.530030943421872,0.018719727298192053,,,,,,,,,0.5184489206413725,0.03994471132977775,0.5616956859740129,0.06445073057181272,bio_compare_family,Семейство compare-биолягушек,bio,bio_family,BioFrog compare (Frog_predator_neuro_compare),BIO compare,Frog_predator_neuro_compare,BIO,bio_compare,bio_family,40,,,0.1422772659822577,0.01639744317270345
BIO_COMPARE,developmental,5,5,29.2,14.99866660740214,1.752,0.8999199964441282,0.8781186990444464,0.03856526824149,3.44,1.737273726273439,131.02,49.648006203673475,3.3387247826660866,1.2284279925336445,0.1673414419033204,0.02366818319349774,-1.1004844435996133,0.8835056754437471,2.228944786377635,0.8048128674785116,0.7046814074470287,0.06751181724986972,0.36955766912901705,0.048740650914786944,15.098688058107006,3.7395103457382977,1.0,0.0,2.6995889812168885,0.42986791117723316,7.927330687830688,1.1865110836904464,52.81304171730161,19.294618150159202,0.041635440086627014,0.05888140404588036,0.2396976819451671,0.21102133991049352,3.2856722518646366,0.9704887717579056,0.041635440086627014,0.05888140404588036,0.2396976819451671,0.21102133991049352,3.7437172540882124,1.00910834150508,1274.1982436199992,257.4363948573829,25.656,8.860394122159578,,,,,,,0.1919448673804849,0.04666452892721429,0.42200184723428047,0.18230494306038095,0.3066206160418261,0.07446394422440783,0.5725903270772486,0.04347961956357529,,,,,,,,,0.47650116978894025,0.05755983725573705,0.4953395400696309,0.09488447397129324,bio_compare_family,Семейство compare-биолягушек,bio,bio_family,BioFrog compare (Frog_predator_neuro_compare),BIO compare,Frog_predator_neuro_compare,BIO,bio_compare,bio_family,40,,,0.14236603962679278,0.02482663713607926
BIO_COMPARE,developmental,6,5,37.6,10.818502669038816,2.256,0.649110160142329,0.881665766435877,0.05314443085609842,4.848000000000001,2.144177231480644,105.324,47.73846356974635,3.986080685481467,1.1508567095081383,0.18601850710805273,0.010950621500468025,-0.3942000166130038,0.3124840589961265,1.793259032509018,0.6786490051644124,0.7303167458374943,0.06738248122441282,0.41409577741331793,0.056747001447352535,16.173361911084125,2.7055280590142834,1.0,0.0,2.822609434889435,0.5760127633214963,7.121199043697301,0.8294382694654376,45.137479369772024,15.504940278044277,0.16457519029016435,0.23274446613848332,0.447058624011604,0.29924236109708086,3.8513081370432625,1.2564233470061132,0.16457519029016435,0.23274446613848332,0.5185172985711303,0.2929673446094173,4.324392915669973,1.3232320810450746,1533.6606488999998,56.95907138775459,15.274000000000001,10.102519685702179,,,,,,,0.18692587404907285,0.032301621212745296,0.30770883456863507,0.11273341681166046,0.33872562868752565,0.02308067429520607,0.5513308244137081,0.034075310452583794,,,,,,,,,0.5174346183081286,0.027671046447289228,0.5582501722409796,0.04367077015335388,bio_compare_family,Семейство compare-биолягушек,bio,bio_family,BioFrog compare (Frog_predator_neuro_compare),BIO compare,Frog_predator_neuro_compare,BIO,bio_compare,bio_family,40,,,0.14945337244198792,0.0046193350552524454
BIO_COMPARE,developmental,7,5,37.4,17.35050431543706,2.2439999999999998,1.0410302589262235,0.8995014809751651,0.033060753006124745,0.072,0.039191835884530846,67.174,35.955352091169964,4.66299109408688,1.067521075968488,0.1779708956073877,0.019898442534197546,-0.6916621483400103,0.6516342191810354,1.9889583199582603,0.7574083332907797,0.7141127511935406,0.03935189337925056,0.3979551301329211,0.029083676636396456,15.890692406487895,2.1509728898131097,1.0,0.0,2.5954897435897437,0.3045773180911457,6.138013360666847,0.4262254048666177,46.720297630015345,16.80592348711295,0.30622109598305003,0.31109230192666787,0.5157548116699302,0.15330296089671036,3.975509563471231,0.14771981489135796,0.30622109598305003,0.31109230192666787,0.545165855516911,0.17670438892824442,4.45520555453804,0.1291512412862373,1461.556234080001,116.75669909120116,5.45,4.0004449752496285,,,,,,,0.15162660891101762,0.058681441804516496,0.3667823553053924,0.1659801936123211,0.3454543865056339,0.029778728821133617,0.5685526832240585,0.028329049201164292,,,,,,,,,0.5155144997201159,0.027528164675137527,0.5428073622119216,0.05700984742471457,bio_compare_family,Семейство compare-биолягушек,bio,bio_family,BioFrog compare (Frog_predator_neuro_compare),BIO compare,Frog_predator_neuro_compare,BIO,bio_compare,bio_family,40,,,0.14803614088430442,0.012390057511928353
BIO_COMPARE,developmental,8,5,39.0,17.595453958338215,2.34,1.0557272375002928,0.9343085821899381,0.05827470254709531,0.084,0.128,93.946,52.16686250868457,4.701532678318912,1.3749286377993601,0.17743447177757807,0.02047457128654101,-0.7155602531718654,0.6909044615019377,1.7626022885974677,0.6231569861856554,0.7467959202046963,0.042644576229693316,0.38262339024132824,0.06658551682147178,16.08632815837737,3.845753865810339,1.0,0.0,2.8939166413373862,0.5786243413873902,6.598892908091409,0.8936462129335058,44.35470871614967,21.333692620213057,0.38370955624592334,0.27354509558878776,0.4434078511681605,0.2690983958647915,4.059863365239888,1.1474120826142566,0.38370955624592334,0.27354509558878776,0.4434078511681605,0.2690983958647915,4.362175384249182,0.9140920382001676,1422.1000162200012,293.2588142453637,2.592,0.11771151175649726,,,,,,,0.17815980561283404,0.06745731801073229,0.3729614496343128,0.21422049460637071,0.3465603409830078,0.05504517975484282,0.5806763742773167,0.02777853826979759,,,,,,,,,0.5214748868201059,0.048653286645369984,0.5626469997813501,0.0939843054229306,bio_compare_family,Семейство compare-биолягушек,bio,bio_family,BioFrog compare (Frog_predator_neuro_compare),BIO compare,Frog_predator_neuro_compare,BIO,bio_compare,bio_family,40,,,0.1522827242651153,0.02132478301964764
BIO_COMPARE,developmental,9,5,38.0,5.059644256269407,2.28,0.30357865537616446,0.8685511914278669,0.05832527686239389,0.10400000000000001,0.09329523031752482,96.714,28.36912377920756,4.437776111964304,0.3967800362122035,0.18265972442784653,0.008139636542275555,-0.4852721011814361,0.2383538427244406,1.5525757254939214,0.16194269119989876,0.76705310116385,0.04382115443497159,0.40176578623996734,0.039159469614696685,15.60964120840895,2.090900155471178,1.0,0.0,2.554402981397687,0.41820110476560857,6.425609017223911,0.644083854759795,41.319459888166094,5.269983355784605,0.13771251481812063,0.1711562593731228,0.5768978610468772,0.22897976978218715,4.071823646811164,0.7400141935760631,0.2791885817834482,0.26531175111888067,0.6045285310906416,0.2156594991988875,4.738207355664495,0.8166300433373165,1543.521603879999,15.320090130074968,2.5580000000000003,0.06675327707311447,,,,,,,0.190061728137086,0.029934708092478307,0.33664901091404215,0.05841148386147223,0.3258212502343655,0.015302421600522524,0.5550078029618829,0.02631376186375739,,,,,,,,,0.514938973844064,0.013236695239184935,0.5554765329064895,0.01794091770940263,bio_compare_family,Семейство compare-биолягушек,bio,bio_family,BioFrog compare (Frog_predator_neuro_compare),BIO compare,Frog_predator_neuro_compare,BIO,bio_compare,bio_family,40,,,0.1469933652965616,0.00556895058225776
BIO_DUAL_COMPARE,adult,0,5,104.4,42.3584702273347,6.263999999999999,2.5415082136400815,0.9303801070055634,0.025880282291109627,0.13999999999999999,0.045607017003965515,25.118000000000002,12.975955302019194,11.66351721275742,3.9591193418387087,0.18912347862185208,0.015096503621179563,-0.3253725105071016,0.4742405500499673,1.4913784073421206,0.48174070546498965,0.18378678717256247,0.0831045491794358,0.5844757233262038,0.15199554344258245,29.2737518805393,9.183638930793434,1.0,0.0,2.6068990760123123,0.4430155965213113,3.247635635123615,0.7855367669594359,19.705532852933906,11.592455273262608,0.0834515563715854,0.11801832282183894,0.356815005645936,0.294046708137712,10.36059965441475,1.7090482990327158,0.0834515563715854,0.11801832282183894,0.356815005645936,0.294046708137712,11.147293949743034,1.5913297765781174,1578.353766839998,285.0902081063212,0.0,0.0,,,,,,,0.20116887685327386,0.09410231262047682,0.34840645458686875,0.24397450203450555,0.40370653335843026,0.06399646615732134,0.6101771218482306,0.025015236908515714,0.4120298796093246,0.02387306623469833,0.17706125052641788,0.03152152110443915,0.2886311315140474,0.025629410954621946,0.21470040386919767,0.02727527411167134,0.5309810657674038,0.05456890297885272,0.5615075420405204,0.10480473699479786,bio_compare_family,Семейство compare-биолягушек,bio,bio_family,BioFrog dual compare (Frog_predator_neuro_dual_compare),BIO dual compare,Frog_predator_neuro_dual_compare,BIO,bio_dual_compare,bio_family,41,,,0.16840881888843962,0.02693178209162859
BIO_DUAL_COMPARE,adult,1,5,84.6,34.465054765660824,5.076,2.067903285939649,0.9282595201408761,0.03485864143294913,0.10200000000000001,0.039191835884530846,19.746000000000002,7.77416387787137,9.493737268379785,2.3088596585183945,0.1894399186578058,0.010606908328634125,-0.29586250953387616,0.3063430101985889,1.5130293608179746,0.1568192567945526,0.14781071384318767,0.12526253644795732,0.5375109997439111,0.15481621829420916,25.966673922823297,8.585047216067407,1.0,0.0,2.2839187392616473,0.7402210648968515,2.9890815107146462,0.9519926677358815,15.933375695164557,2.5765429435126683,0.0,0.0,0.2584633787726861,0.316795744075377,10.241770151235999,2.1259910806988658,0.0,0.0,0.3100762819985073,0.2904049239765691,11.037404150115089,2.2870179473891037,1298.7078619799984,444.8804027070296,0.0,0.0,,,,,,,0.15626748015990236,0.08422651419496476,0.413798944984135,0.26218562448232235,0.36069748524183415,0.05206781388906483,0.5914220625794024,0.047294472886355486,0.4169231748657893,0.056691478674302166,0.16507576302553134,0.020734562305261526,0.278297979588349,0.02016433048455748,0.20432359322402763,0.020847548200819792,0.505093788447817,0.05372836503954725,0.5142570284986165,0.10338808821633902,bio_compare_family,Семейство compare-биолягушек,bio,bio_family,BioFrog dual compare (Frog_predator_neuro_dual_compare),BIO dual compare,Frog_predator_neuro_dual_compare,BIO,bio_dual_compare,bio_family,41,,,0.15075871079894748,0.021173600940346652
BIO_DUAL_COMPARE,adult,2,5,87.2,16.33891061240008,5.231999999999999,0.9803346367440048,0.9293492905406555,0.020989249862052486,0.29,0.1453272169966796,74.47200000000001,74.34932666810104,9.668848346723339,2.04385463990005,0.1881357496465283,0.0039690925742512425,-0.31769398125452175,0.1129921211564203,1.4817512981117569,0.13865272211900412,0.10251443110135652,0.13164069387283894,0.5769404029833809,0.04614730083684315,27.99917131236625,2.78778025301342,1.0,0.0,1.961086544011544,0.4957528053646761,2.55796496553143,0.6314511724218764,16.225421175953,2.798532453953414,0.0,0.0,0.27563997829667986,0.320235987023628,10.04977203503896,2.4679145843883434,0.0,0.0,0.3487750343668914,0.28918530833140543,10.81996340860646,2.674101883077253,1380.6750335999998,215.85014502090252,0.0,0.0,,,,,,,0.167358772009719,0.06832453845414871,0.4043840776556161,0.10938529609901235,0.3596181121409394,0.04975402961757651,0.5867897894361678,0.059943379793032825,0.3887894280222023,0.031706170569512214,0.1433635402906392,0.014004585980460402,0.25775365818550144,0.014303917519205062,0.17989830035925117,0.015812384366199868,0.5035757474238658,0.020164939047744423,0.5105585509261855,0.042004744414155575,bio_compare_family,Семейство compare-биолягушек,bio,bio_family,BioFrog dual compare (Frog_predator_neuro_dual_compare),BIO dual compare,Frog_predator_neuro_dual_compare,BIO,bio_dual_compare,bio_family,41,,,0.15042741351090905,0.02000044295109766
BIO_DUAL_COMPARE,adult,3,5,86.6,24.021656895393374,5.196,1.4412994137236024,0.9378071165089867,0.023203425484524594,0.172,0.052687759489277966,87.638,75.2164126770215,8.092108625684206,2.1828324655607223,0.18940781063496637,0.006050825761216188,-0.28490575867813145,0.16570973096186695,1.5988323040916002,0.1783091278266889,0.17850970796567664,0.08808753068708768,0.607080907271581,0.061536433011548854,30.26506368024925,4.007322184582714,1.0,0.0,2.1951223144327905,0.4360093851747596,3.144648362396956,0.6236971401567989,17.34729141751419,3.7590610312916626,0.10933741526355928,0.15462645554054458,0.24038089563510207,0.19807117211575176,8.95907231338867,1.192243310443928,0.10933741526355928,0.15462645554054458,0.26728974191833343,0.22564212453613874,9.574726074488538,1.50780325404443,1431.0572917800018,182.08079559052314,0.0,0.0,,,,,,,0.1797931249306952,0.06082124733549743,0.3544289701946378,0.1464628504171058,0.3632876600170962,0.04712558416053628,0.5804851591222574,0.03328718077624537,0.375310337764189,0.03725788041310643,0.14963151058025687,0.03110363377146894,0.26265720918315283,0.027976702951047788,0.1840077410910843,0.03181243839872178,0.5120629912496024,0.035360953244688215,0.534284458399529,0.06177797686234088,bio_compare_family,Семейство compare-биолягушек,bio,bio_family,BioFrog dual compare (Frog_predator_neuro_dual_compare),BIO dual compare,Frog_predator_neuro_dual_compare,BIO,bio_dual_compare,bio_family,41,,,0.1547300169609201,0.018768350181372337
BIO_DUAL_COMPARE,adult,4,5,92.4,38.92351474366106,5.544,2.3354108846196637,0.924226715445301,0.0436700930929166,0.09,0.022803508501982758,33.054,34.71518895238797,9.203194199189058,1.95450265079988,0.19047250937546592,0.011719183707092833,-0.2713575656885954,0.34574634238544527,1.5476481230731531,0.25235333171500773,0.1413057236973021,0.12454095170231823,0.6105720582410464,0.16301826680283296,29.820904388872815,8.707706308100343,1.0,0.0,2.3911686808388475,0.6156678076902851,3.299426298489229,0.9753732498275172,16.752341132948178,3.7683535697229695,0.0,0.0,0.29497362756614504,0.20440072087104183,8.230303559907462,1.4878433173387449,0.0,0.0,0.40658907514407094,0.3361108705202349,8.971278372480294,1.9698939456305473,1406.7839829000004,358.1966072665411,0.0,0.0,,,,,,,0.16715819024237408,0.08721830894821968,0.3155699833578765,0.24224408898775615,0.38458281143515355,0.06971391799866287,0.5835023452387785,0.04374611546233959,0.4123731781584844,0.03307552814566801,0.17181967756627065,0.03696703220425013,0.2836641667649901,0.031812911845731956,0.20953195734213154,0.03485000162952758,0.5233456812944464,0.05112485791361215,0.5466796070373658,0.09732357729914937,bio_compare_family,Семейство compare-биолягушек,bio,bio_family,BioFrog dual compare (Frog_predator_neuro_dual_compare),BIO dual compare,Frog_predator_neuro_dual_compare,BIO,bio_dual_compare,bio_family,41,,,0.16000050708112526,0.028953387828033642
BIO_DUAL_COMPARE,adult,5,5,76.0,50.88418221805279,4.56,3.0530509330831674,0.9249641564978989,0.04743747605779991,2.842,2.013776551656117,93.394,44.47623347362049,6.829678947551871,4.083917978839673,0.17814261988637017,0.019122998929894823,-0.6832100318552019,0.651154838350942,2.383170468900687,1.2181905828716515,0.1504958992608486,0.12962199961978166,0.5797940436266782,0.10294034611215577,28.414442125378038,7.310689370151807,1.0,0.0,2.6968879348952934,0.6773188984526981,3.5082105237341965,0.6436641534588713,34.39702333361811,23.112245922108496,0.28683304905106366,0.28757280786043665,0.2436588515246546,0.2536469242123343,7.1544056833088785,3.0051366654358924,0.46063769029557033,0.4756653860697435,0.34057059722827665,0.3470168639362478,7.689162722132423,3.3956483702804134,1519.5196551600006,239.31122175060509,0.0,0.0,,,,,,,0.14794355467890427,0.0758558219877313,0.3976323059156861,0.1810602435561616,0.35681915685018345,0.08178578030606296,0.5816841282408143,0.017345726725454834,0.4082418822167065,0.03008742440396969,0.15350932947614054,0.03859252705477756,0.26771904856019585,0.03666555304923227,0.19247809841435556,0.0383119322370497,0.5121533380056911,0.050071746837438036,0.5283254259908845,0.08846759443213904,bio_compare_family,Семейство compare-биолягушек,bio,bio_family,BioFrog dual compare (Frog_predator_neuro_dual_compare),BIO dual compare,Frog_predator_neuro_dual_compare,BIO,bio_dual_compare,bio_family,41,,,0.14877537683197548,0.029255804502176852
BIO_DUAL_COMPARE,adult,6,5,85.2,11.7881296226331,5.112,0.7072877773579858,0.9043551317411035,0.02513163269653588,3.28,1.9627225988407022,37.386,9.628695861849621,8.471631030401657,1.3474653320433168,0.19385260491508394,0.0072391585150819796,-0.16588096046992276,0.1960887003657508,1.5749049108193662,0.16683265401936334,0.18904319591795524,0.11487077919159715,0.5940900682095265,0.0960735575609748,28.848765491385734,4.0928175256783845,1.0,0.0,2.784493921259673,1.0117513632751407,4.001939510701306,1.4153440325118052,18.40158782654364,3.306992738218121,0.0,0.0,0.4705765368586376,0.36839520927555536,8.85211740768462,3.687863056055383,0.0,0.0,0.6911730776281444,0.5400881016560157,9.792957303260494,4.181889881997774,1554.0956794800004,272.9783797116387,0.0,0.0,,,,,,,0.1935499125255154,0.06342345956357985,0.32384940435284304,0.19307982171977248,0.3809208429864655,0.06309790691723421,0.5874385782223037,0.045529592548668694,0.39612887644768113,0.04887998855468143,0.17072094807347568,0.029194141377018142,0.2809698469219006,0.028044329105319572,0.20672738237469618,0.03150398238180997,0.5147099774201783,0.031560065497390585,0.5364685271144605,0.059341725536081164,bio_compare_family,Семейство compare-биолягушек,bio,bio_family,BioFrog dual compare (Frog_predator_neuro_dual_compare),BIO dual compare,Frog_predator_neuro_dual_compare,BIO,bio_dual_compare,bio_family,41,,,0.1614968676177883,0.02433728329634184
BIO_DUAL_COMPARE,adult,7,5,83.8,36.73363581242673,5.028,2.2040181487456043,0.9032069560801311,0.030814241481291516,0.132,0.041182520563948,19.642000000000003,3.010205308612686,8.613703787814378,2.4223775998964205,0.1903276922321871,0.006548629206388562,-0.26030162691616016,0.18038567211416326,1.7042819617764493,0.36271918379715173,0.19942798495171582,0.08231035168129576,0.6023807375560237,0.10221674432234212,28.59200875031804,5.748001254119329,1.0,0.0,2.840840772339974,0.43419351363537373,3.4678905364912382,0.5235942036184912,21.22856248270444,7.613103053052851,0.12786633705570177,0.22147099235820253,0.4457630547066236,0.3841139287826564,7.923309796289709,1.374304640610003,0.19179950558355266,0.3322064885373038,0.5149352935814557,0.4204590672937675,8.722789307017425,1.5364355337714044,1541.764817660002,186.04047134327453,0.0,0.0,,,,,,,0.162414321767276,0.07702844804653816,0.3334227430107063,0.1469089426625134,0.3525367489114873,0.06885439798765226,0.5614727879036447,0.024107141719199157,0.38881255574704376,0.035473096088026866,0.1583902597153609,0.034361803077733705,0.2702099915830838,0.02867877766016348,0.1938217362233544,0.03322235752386638,0.5220712632209644,0.04170492568131023,0.5493832730661754,0.07079930765494664,bio_compare_family,Семейство compare-биолягушек,bio,bio_family,BioFrog dual compare (Frog_predator_neuro_dual_compare),BIO dual compare,Frog_predator_neuro_dual_compare,BIO,bio_dual_compare,bio_family,41,,,0.14908450645349758,0.025655611660298106
BIO_DUAL_COMPARE,adult,8,5,104.6,19.5816240388789,6.276,1.174897442332734,0.9109274123747808,0.02263414045151002,0.052000000000000005,0.01469693845669907,30.442,20.910286846430395,11.436324245313667,1.9622357849840157,0.19825725461645813,0.0012367889852480023,-0.044148335647204266,0.0315344360474819,1.3998848710385035,0.17862993131663812,0.2481307002166647,0.03637606631885245,0.6210396166005016,0.05453284026745797,30.84537133623072,3.8227361463455405,1.0,0.0,3.11481253538974,0.46358390087893964,4.106265083897035,0.461925684780944,15.870675823874388,2.776889071464829,0.0,0.0,0.5818794904935921,0.3079723599227813,8.091100567370914,1.3574643556074268,0.0,0.0,0.773265559979323,0.39948388660821577,8.813146400538272,1.3502235442830435,1607.0500283200004,10.895322991160374,0.0,0.0,,,,,,,0.21630530697375333,0.02761453184269835,0.20238251530673917,0.044512207673902834,0.42141917306938453,0.027020530714516124,0.579901348770257,0.019467748335304194,0.40370429488647963,0.03388128968674896,0.18223489713648466,0.017066732299838367,0.29268989551761726,0.017137085743063895,0.21838813133516113,0.01916601145909878,0.5468949920257896,0.018074920502360682,0.5892883240473759,0.030023721424721456,bio_compare_family,Семейство compare-биолягушек,bio,bio_family,BioFrog dual compare (Frog_predator_neuro_dual_compare),BIO dual compare,Frog_predator_neuro_dual_compare,BIO,bio_dual_compare,bio_family,41,,,0.17521093561474682,0.008758411952744393
BIO_DUAL_COMPARE,adult,9,5,93.6,43.69256229611626,5.616,2.6215537377669755,0.9090429712000729,0.019258257913921516,0.092,0.0040000000000000036,82.03200000000001,98.55113543739617,8.560878439471672,3.3948059098534014,0.1916383747891902,0.006552303028762125,-0.2242106974782764,0.1769378327447024,1.5885301942813053,0.4198229162589281,0.18322968204185225,0.0939475297563378,0.5828824937717957,0.10568932181611576,28.423545754475118,7.346091546406756,1.0,0.0,2.5306298132274403,0.5244225342405587,3.593384423832581,0.786438929425904,18.980487009710938,9.35987580924848,0.24645717806531517,0.3485430837641696,0.41931832718983253,0.3554687655755721,8.422119008853196,2.117659289127555,0.49291435613063034,0.6970861675283392,0.4765538513718738,0.39620696645763337,9.203112680046441,2.4640186278742204,1390.9593103599996,76.8689116248551,0.0,0.0,,,,,,,0.19848864154455167,0.07828547695044114,0.2992843006013661,0.12604205745030828,0.38138100000507114,0.09531075904478115,0.5749760505277723,0.053162795002544595,0.3817691906302644,0.0531354547846298,0.15855802583030926,0.04990223601498134,0.26989320909536485,0.051085033549852776,0.19368693906759432,0.05201956205640297,0.5328592682091824,0.03815551687149051,0.5685486055219733,0.06344256191517783,bio_compare_family,Семейство compare-биолягушек,bio,bio_family,BioFrog dual compare (Frog_predator_neuro_dual_compare),BIO dual compare,Frog_predator_neuro_dual_compare,BIO,bio_dual_compare,bio_family,41,,,0.16007251857542837,0.03605362429366344
BIO_DUAL_COMPARE,developmental,0,5,85.4,34.00352922859626,5.124,2.0402117537157753,0.898137553267988,0.020938427835181038,0.066,0.032,30.540000000000003,27.26983168264887,8.868966802948412,2.622839613765628,0.18807630249419094,0.011429116232325839,-0.33732398399936314,0.3350594580192953,1.7843492221541049,0.6858496830065491,0.20798870794564306,0.1305761665368265,0.6093639548157875,0.04811184237884425,30.123537959636405,3.662015918305411,1.0,0.0,2.3804368012478085,0.73912048210654,3.1988669769352542,0.9244334779397909,21.312046394683513,14.671679369946286,0.20554984583772598,0.290691379727411,0.36307532209008825,0.2991713075358894,8.83531168356085,3.056053167927767,0.20554984583772598,0.290691379727411,0.420158377936357,0.3553251747795962,9.841508549776126,3.249974903653717,1388.6492259400025,194.86037029910256,3.558,0.7037726905755866,,,,,,,0.15650932357361175,0.062424863871258,0.37874111256713394,0.17204588977719007,0.3829539325667044,0.04618182969233843,0.5984739201301967,0.01416526614890221,0.40593296847898463,0.007999997444546889,0.16417311107404925,0.025140905672185576,0.27766148029017396,0.019309801685816298,0.201946554798617,0.02221517834257783,0.5117883446417199,0.027778892463755814,0.5242309126900754,0.053431848565587456,bio_compare_family,Семейство compare-биолягушек,bio,bio_family,BioFrog dual compare (Frog_predator_neuro_dual_compare),BIO dual compare,Frog_predator_neuro_dual_compare,BIO,bio_dual_compare,bio_family,41,,,0.1589626078258921,0.019773741429817086
BIO_DUAL_COMPARE,developmental,1,5,91.6,18.227451824103117,5.4959999999999996,1.093647109446187,0.9261012178547027,0.022908149149502222,0.03,0.0,26.708,13.054176956055102,11.086868538662554,1.0239940306142763,0.18969186943677238,0.005655516027766218,-0.2764064014406583,0.15767503001089694,1.4936910885677044,0.11168181249733575,0.15036226525318724,0.061540752913018616,0.5924978864299365,0.0927752906048638,30.117901629391362,4.8861243682160325,1.0,0.0,2.3456835352843086,0.48324122776939554,3.154872375295606,0.6620406068299473,15.469382650034117,1.9069837932913094,0.11901573983164963,0.16831367340578668,0.2715853018608231,0.24158775157123982,9.296348293451622,1.4106497667524045,0.11901573983164963,0.16831367340578668,0.3294919756049842,0.27176460194384555,10.032000203858157,1.4984805897591573,1383.6247076799978,156.5890338335564,5.358,2.730475416479702,,,,,,,0.17271361813276143,0.048970698014349244,0.34906950812063153,0.14300934312842775,0.3583448164292067,0.03911544049417413,0.5704554347852719,0.021622501983754924,0.3732147769692233,0.01765643299827198,0.1519772191430251,0.021686069040533645,0.26405039115979245,0.017240304912376693,0.18553182875073884,0.021405571142751757,0.5164351330819408,0.02758413344820681,0.5419468655857875,0.049719126489771476,bio_compare_family,Семейство compare-биолягушек,bio,bio_family,BioFrog dual compare (Frog_predator_neuro_dual_compare),BIO dual compare,Frog_predator_neuro_dual_compare,BIO,bio_dual_compare,bio_family,41,,,0.15132649420428984,0.014540132079412033
BIO_DUAL_COMPARE,developmental,2,5,57.0,39.6837498228179,3.4199999999999995,2.381024989369074,0.9012800519535806,0.05707248583363053,0.21000000000000002,0.07694153624668539,92.97200000000001,144.42738623959102,6.910672788281961,2.578688486938372,0.17885869951200428,0.013812819710457115,-0.6242005430877506,0.43055430512475124,1.9404514618455988,0.4584308424160343,0.14389864982671466,0.09738099275264182,0.4673878844836528,0.1818458018680816,21.44484681330979,9.728765055239723,1.0,0.0,2.3086775200108534,0.724176764106069,3.0850617208740876,1.012298406779449,25.631842358596572,8.052717680180622,0.026636360407731256,0.046135529554906594,0.4701824210040684,0.2417283483033634,9.074408373194007,3.2889017144125936,0.4139330296563671,0.6568807119918595,0.4701824210040684,0.2417283483033634,10.275944041446433,4.0848644930535,1202.6139477599936,381.3357946365773,2.752,0.26141155291991214,,,,,,,0.13995273080618212,0.07943907346220103,0.46611526793819247,0.252892268573636,0.3085931781966647,0.11261418329880452,0.5729058082530499,0.05088399854011271,0.37568929243142046,0.047728681699863086,0.13275663166958862,0.04798346618414296,0.24974814925668073,0.04503755097436888,0.16924089801759795,0.04969098435634124,0.4867078156503851,0.07179088068869084,0.4912529518805009,0.11667510599544485,bio_compare_family,Семейство compare-биолягушек,bio,bio_family,BioFrog dual compare (Frog_predator_neuro_dual_compare),BIO dual compare,Frog_predator_neuro_dual_compare,BIO,bio_dual_compare,bio_family,41,,,0.13632020027907266,0.03840382549657862
BIO_DUAL_COMPARE,developmental,3,5,88.8,33.64164086366775,5.327999999999999,2.018498451820065,0.9254887717798983,0.014491408640982072,0.06,0.0,48.922000000000004,22.257806181203037,9.355583269761713,1.773693307608495,0.1890835945187191,0.0098409708375336,-0.3032393637611252,0.28014920499628637,1.4529373910853065,0.23562467943281104,0.16020485886594596,0.09822665083135101,0.5394872070540236,0.11855941057209121,26.931613596673305,7.464523717242184,1.0,0.0,1.9553686227352896,0.38724944456209,2.781259160201074,0.6332808542516818,14.70034792646264,2.279274711836591,0.0,0.0,0.21351046794387796,0.4270209358877559,10.164674055093872,1.5038508768391652,0.0,0.0,0.34601042236803614,0.487321463723281,10.957694753829367,1.625163170047841,1232.562540660004,334.1362000786243,7.616,4.068181903504316,,,,,,,0.17842913001888447,0.06597982507527424,0.41976322604473326,0.2145979602977359,0.3347978137146673,0.06743251247417842,0.5821981130433239,0.03424367427430979,0.37684635359640506,0.04808790797783792,0.15121714717045245,0.023407127944459354,0.2634159511920552,0.02271082946778033,0.18534075631658142,0.025939968669257782,0.4892167363584428,0.046451882248909955,0.49646943991827275,0.08050496793488372,bio_compare_family,Семейство compare-биолягушек,bio,bio_family,BioFrog dual compare (Frog_predator_neuro_dual_compare),BIO dual compare,Frog_predator_neuro_dual_compare,BIO,bio_dual_compare,bio_family,41,,,0.14641766333722755,0.022768827243039177
BIO_DUAL_COMPARE,developmental,4,5,112.8,24.27673783686762,6.767999999999999,1.4566042702120574,0.8965136439022817,0.018301447976036677,0.098,0.09152048950918042,17.138,11.752949246891184,10.734273466307728,2.977774366774795,0.19951513136576154,0.0004232520998322962,-0.01217375805820101,0.010645603661771749,1.3422390466685734,0.18234746183207973,0.2957671417390152,0.02649633712582426,0.6543637014828619,0.023621457161166256,32.09338466039944,2.793115884123426,1.0,0.0,2.9804537140455176,0.18370792959291515,3.961363427442123,0.3922968774335856,14.183002993670545,2.8810225330976156,0.8421052631579001,0.0,0.5881203262000021,0.3049314586011814,8.187052397231518,1.2087673163512282,0.8421052631579001,0.0,0.5881203262000021,0.3049314586011814,9.148345272275611,1.2955527219477037,1531.5696328600054,15.472403658342271,2.66,0.1206648250319869,,,,,,,0.2291626614337366,0.047322698529360364,0.19037283625672768,0.04381116419614897,0.4246339277023729,0.023171469990177006,0.5817529730887923,0.021392936595160984,0.39900695199273595,0.028262379811615466,0.18730544863273185,0.016974259717513963,0.29571361719191197,0.015298542621484645,0.22214404593853257,0.017269550889396086,0.5473762031451512,0.013867566681672855,0.592629383835072,0.030261739345591197,bio_compare_family,Семейство compare-биолягушек,bio,bio_family,BioFrog dual compare (Frog_predator_neuro_dual_compare),BIO dual compare,Frog_predator_neuro_dual_compare,BIO,bio_dual_compare,bio_family,41,,,0.17725237511690126,0.00964073062455326
BIO_DUAL_COMPARE,developmental,5,5,47.8,30.10249159122879,2.8679999999999994,1.8061494954737272,0.9254196715881395,0.02415238137067059,3.076,0.4130181594070653,108.26400000000001,81.38526957625686,5.231417857241256,2.0863974549866398,0.17175488414524379,0.01925026581180321,-0.8975144090578769,0.6756848701692132,2.3482642099808957,0.7186738727857374,0.160492428676772,0.11937238344005513,0.473901054080029,0.1347751581084942,21.457678382335043,8.237064327229142,1.0,0.0,2.1886798850574714,0.30720879606069934,3.048823114311356,0.7908297175340221,29.196146691349707,10.791558463566005,0.10252022298037207,0.06464704822696624,0.0,0.0,6.500154280785075,1.0245806106907094,0.10252022298037207,0.06464704822696624,0.0,0.0,7.051613700359397,1.2094474508193747,1087.6473213799968,290.6261800277352,10.128,4.67177225472304,,,,,,,0.13020812758761696,0.0701967854998958,0.5343056587040544,0.21484577512683595,0.30679881205746823,0.05996457711903739,0.5904861222743097,0.04507850999841498,0.3679704855123018,0.051111836830281934,0.12801423670394257,0.03435572149153833,0.242250224281436,0.0317158657241903,0.16321681964630672,0.036026429022310805,0.45873788212989347,0.03907501982072417,0.43835230732235547,0.06943035537189024,bio_compare_family,Семейство compare-биолягушек,bio,bio_family,BioFrog dual compare (Frog_predator_neuro_dual_compare),BIO dual compare,Frog_predator_neuro_dual_compare,BIO,bio_dual_compare,bio_family,41,,,0.13378441970404395,0.02088389076119688
BIO_DUAL_COMPARE,developmental,6,5,80.6,23.4571950582332,4.836,1.4074317034939918,0.9009584621157511,0.029966893536555225,3.224,0.81512207674679,110.204,82.94317900828253,7.455317551674905,1.820456546660579,0.19025068543105797,0.00948165605763953,-0.2696636426725954,0.2698640853157886,1.678705786694077,0.29951106851142695,0.1893297800390179,0.1086326496494712,0.5943661515564993,0.07166306929552273,29.031124265038024,4.647661106743073,1.0,0.0,2.3317436547627146,0.779055313385897,3.2911660266724874,1.1485270752673362,18.370788778203348,4.613329166963218,0.14068308835709561,0.1709218420839931,0.32123744874720894,0.3001090315973974,7.586374456844885,0.8829843931457039,0.14068308835709561,0.1709218420839931,0.46579083479205263,0.40214212424717255,8.361239690644314,0.8143620851899336,1380.3165504200035,176.56670244631476,7.448,1.48502390553149,,,,,,,0.1712337565644847,0.07129580019094046,0.3339824668148525,0.16112242747587346,0.35649295280248333,0.07801882652291585,0.567874320682719,0.02804370831216706,0.38334514305539813,0.038197303757745354,0.15218319650859782,0.03469265486318959,0.26446335002568483,0.03244619932762089,0.18752695910591843,0.03594406192002485,0.5102439200467614,0.04128939548340499,0.5294186438177315,0.07111235668592301,bio_compare_family,Семейство compare-биолягушек,bio,bio_family,BioFrog dual compare (Frog_predator_neuro_dual_compare),BIO dual compare,Frog_predator_neuro_dual_compare,BIO,bio_dual_compare,bio_family,41,,,0.15176405267463516,0.028899839907800623
BIO_DUAL_COMPARE,developmental,7,5,88.8,31.0702429987279,5.328,1.864214579923674,0.9069938784094986,0.04086295214867988,0.10200000000000001,0.064,36.096000000000004,20.572663026453334,9.55664835243886,2.4444567437296825,0.19110930905368967,0.010073697991239023,-0.24800465853256304,0.2922874933166175,1.6030072182908275,0.29733378371015917,0.19553323969362166,0.11784598386637285,0.604730372468463,0.11287825348080104,29.08363367541911,6.512584387341885,1.0,0.0,2.479115474037717,0.746398377649772,3.3771410973170726,1.1831542939816393,17.074502771123306,4.42864854375351,0.10799135460845548,0.08923330026834951,0.32389797438418616,0.32742727240447145,8.468116712217007,1.8915221956926016,0.18083517745230607,0.18622394014009105,0.32389797438418616,0.32742727240447145,9.418117143315536,2.3708796453454615,1380.806255640005,237.23800617457948,2.962,0.5121484159889592,,,,,,,0.17749287988405865,0.07749046097571899,0.328338279800801,0.20453188034913017,0.37908644574202643,0.056223373020170025,0.5824861149914361,0.03531438384753509,0.40400578733385145,0.02425799395985645,0.16530029687100173,0.02660220561823428,0.2787139177445693,0.02216733046994906,0.20240063494617183,0.023976024634784873,0.5186518696041768,0.039239264883999425,0.5416378097561099,0.07342291690663733,bio_compare_family,Семейство compare-биолягушек,bio,bio_family,BioFrog dual compare (Frog_predator_neuro_dual_compare),BIO dual compare,Frog_predator_neuro_dual_compare,BIO,bio_dual_compare,bio_family,41,,,0.15797110822671795,0.024595282354121287
BIO_DUAL_COMPARE,developmental,8,5,66.8,41.16017492674199,4.008,2.4696104956045195,0.9015048741048741,0.013593114433427643,0.086,0.0783836717690617,35.5925,25.783088813212434,7.172896945367067,2.4966775978380364,0.17400045299486305,0.03185278229401992,-1.0036357769480788,1.4117930100433542,1.9972164808073196,1.0777539784477956,0.141391351997679,0.12016126767179401,0.4638501086839546,0.1961974386190343,21.3060121426325,9.824738833130924,1.0,0.0,2.212186700445872,0.5024733173091217,3.1704699491223103,0.967491797773928,27.253456630750037,20.352905452972756,0.10912066927341901,0.21824133854683803,0.4354063852484975,0.378115777211868,8.517977648565294,1.9010776522442523,0.21824133854683803,0.43648267709367605,0.4354063852484975,0.378115777211868,9.441543366445758,2.0633971704433445,1133.2840625800018,414.92404434328597,2.982,0.3518749777975126,,,,,,,0.15740764294257054,0.07936882576443845,0.4810541588250257,0.25722512000529973,0.3402541059032035,0.10459424583869542,0.6034084110162553,0.04523461631328081,0.3772127819857981,0.05030267368418508,0.14307578959356565,0.04682783962644298,0.25797201901682776,0.0441450377871898,0.17888222657803182,0.04915750166923507,0.4839152224425761,0.06615513493683771,0.48090976937579155,0.11204592874826011,bio_compare_family,Семейство compare-биолягушек,bio,bio_family,BioFrog dual compare (Frog_predator_neuro_dual_compare),BIO dual compare,Frog_predator_neuro_dual_compare,BIO,bio_dual_compare,bio_family,41,,,0.14692850254023065,0.03633971392996639
BIO_DUAL_COMPARE,developmental,9,5,88.0,29.373457406304762,5.279999999999999,1.7624074443782856,0.8970738233264208,0.03138597075871281,0.162,0.14441606558828557,65.666,49.035270000276334,8.86038073166831,1.7079042315023056,0.19122874966236053,0.008040273040152326,-0.23894639477002094,0.2286191655526062,1.5019475772996884,0.23689934275184338,0.16120073536968707,0.0669824318426268,0.5851715389542325,0.07442449620554498,28.305998161519415,5.503322964426461,1.0,0.0,2.2379949460226665,0.5088128376203341,2.8958153989221933,0.7071642975221979,14.633184288309462,3.3032036502373052,0.0,0.0,0.44754691806826086,0.2572256682962396,8.342566401201662,1.632038915533696,0.0,0.0,0.575341614865937,0.2950138176462481,9.282737114709686,1.8843657077088085,1209.9265845999994,243.72240134811364,2.46,0.10601886624558855,,,,,,,0.18507734420562413,0.035691538314302405,0.32026599623171526,0.15907029605227987,0.37212649835145256,0.02632695941347392,0.5685212877106972,0.05464558864788608,0.3685358670512417,0.012453770688808397,0.14473875775204018,0.021275395651049616,0.25721994305196344,0.017434793104329063,0.17852617470406357,0.019569462836882198,0.5158291144095152,0.023469136348331292,0.5322791797522418,0.04963380068145,bio_compare_family,Семейство compare-биолягушек,bio,bio_family,BioFrog dual compare (Frog_predator_neuro_dual_compare),BIO dual compare,Frog_predator_neuro_dual_compare,BIO,bio_dual_compare,bio_family,41,,,0.15497142099904523,0.011205764901898193
BIO_DUAL_FAST_COMPARE,adult,0,5,93.4,29.193149881436227,5.604,1.7515889928861736,0.8947971868615433,0.03825164393357555,0.136,0.05314132102234569,21.410000000000004,8.771882352152247,10.546551327412423,2.1912459775685864,0.19000907102668227,0.006509809392388737,-0.26914791516476105,0.1823214879631221,1.4579769514035408,0.16368799156355698,0.13208104932440662,0.13132296134898352,0.5943463382615386,0.07555261074081561,29.404751122970602,5.932072875619497,1.0,0.0,2.236191340996169,0.6766998439168798,2.952510065650935,0.7369780990288165,1.8851117651845932,0.43585323071124776,0.0,0.0,0.29043915833256906,0.4522161670368344,10.7012481346044,1.8721028492378569,0.0,0.0,0.3384084579808101,0.4310908843076843,11.981781478654948,2.1477912839765376,165.07533802000398,27.604296420626163,0.0,0.0,,,,,,,0.15648171423354257,0.044660893978464435,0.40620346027487636,0.13646770494384897,0.3651172033032165,0.03467095141511653,0.589818245520915,0.03737119836829051,0.4084678074311774,0.03588512000989697,0.15733398504385238,0.016758466208058077,0.27159265699781454,0.016904414608738413,0.1957958551344528,0.019150226810766766,0.5181683884310355,0.028796416414775775,0.5361343541022606,0.05381187666622679,bio_compare_family,Семейство compare-биолягушек,bio,bio_family,BioFrog dual fast compare (Frog_predator_neuro_dual_fast_compare),BIO dual fast compare,Frog_predator_neuro_dual_fast_compare,BIO,bio_dual_fast_compare,bio_family,43,,,0.15132720089833257,0.012317035114253142
BIO_DUAL_FAST_COMPARE,adult,1,5,95.4,26.889403117213295,5.723999999999999,1.6133641870327975,0.9294184277090828,0.02002427185073791,0.076,0.012,25.002000000000002,9.814164049984084,11.659750910635868,1.3039717126282213,0.18894279226004773,0.005984569836273968,-0.29778092649415416,0.16341562441711074,1.3690192669812837,0.12747534277998704,0.15146926624554471,0.10701397569050686,0.5488150670791471,0.07169834339346261,28.054716054500187,4.64817153648083,1.0,0.0,2.0628451062046773,0.441823874132478,2.7400396010828447,0.7863582958797534,1.7891644366087374,0.46560144109391777,0.11038471997450208,0.11574947148023805,0.12584332506035062,0.25168665012070124,11.017608550030852,1.3192976280331274,0.11038471997450208,0.11574947148023805,0.12584332506035062,0.25168665012070124,11.852607175138044,1.3181340604341314,160.07547725999612,16.378403149806203,0.0,0.0,,,,,,,0.18353806304337972,0.05431401935549741,0.41873788041840204,0.15161212512266004,0.3357350526053859,0.08500935870596839,0.5833652015557902,0.0236906055970538,0.37375235222604836,0.04502058230397328,0.14961819137195348,0.03854805963017136,0.2631151117528422,0.03728640373859362,0.18282619692034677,0.04068720405129482,0.5030747178869688,0.04964137853591168,0.5233410014102395,0.08151702804655615,bio_compare_family,Семейство compare-биолягушек,bio,bio_family,BioFrog dual fast compare (Frog_predator_neuro_dual_fast_compare),BIO dual fast compare,Frog_predator_neuro_dual_fast_compare,BIO,bio_dual_fast_compare,bio_family,43,,,0.1466496611652143,0.02855619714249292
BIO_DUAL_FAST_COMPARE,adult,2,5,93.6,30.92313050129304,5.616,1.8553878300775823,0.9259848507973952,0.030019882930344653,0.288,0.15406492138056604,32.122,15.47602326180728,10.562265388695428,3.497267211535899,0.19175599424104856,0.00688969304920789,-0.2217787216421255,0.18981027328201672,1.5280652541244155,0.3015319655719428,0.18155555938681994,0.08501732057364741,0.6177520400423964,0.07115155308731551,30.967298348610797,4.18587299024157,1.0,0.0,2.272439347817379,0.6069432505393645,3.420932394499174,1.0885216802549575,2.0641622145273826,0.6104192280640298,0.3011870178061374,0.33887373312347907,0.4855791047065696,0.19242649370863577,9.519333203469088,2.169113829291598,0.41070004985693515,0.5260575819458261,0.4855791047065696,0.19242649370863577,10.324725216187613,2.5644990606414257,176.07270830000053,16.231637753762513,0.0,0.0,,,,,,,0.17111260766636122,0.06080189263942215,0.34225327797266814,0.14940408842058286,0.38433873970515275,0.05352036536023503,0.5878481884792046,0.016891247616077024,0.418866250355357,0.030162493435545574,0.1694208449659691,0.030344225852798272,0.2833715267272682,0.02729428997089585,0.2087958357308418,0.029455137926012974,0.5295763752070514,0.03276583738983618,0.5572251047152589,0.06186717259214541,bio_compare_family,Семейство compare-биолягушек,bio,bio_family,BioFrog dual fast compare (Frog_predator_neuro_dual_fast_compare),BIO dual fast compare,Frog_predator_neuro_dual_fast_compare,BIO,bio_dual_fast_compare,bio_family,43,,,0.15928275914789347,0.021104446426797402
BIO_DUAL_FAST_COMPARE,adult,3,5,107.8,39.30597918892239,6.467999999999999,2.3583587513353432,0.9272090725925448,0.012156121438942635,0.25,0.13711309200802088,75.55799999999999,41.53357552631365,9.41517126456326,2.6466185077289643,0.19033771703912064,0.01108640696821827,-0.27305851557207955,0.33051742180674853,1.565503498515677,0.4959536185821216,0.17489200416198897,0.09338398628385808,0.6395788256444883,0.08305400764486139,32.74354959097393,7.075816937159374,1.0,0.0,2.295486938851787,0.3718760538536883,3.4016405207807936,0.6284195136538128,1.9378828708958835,0.8846332143622047,0.0,0.0,0.5430008261960476,0.3456974907880985,9.672027322391916,2.255855111481856,0.0,0.0,0.5430008261960476,0.3456974907880985,10.465547029523664,2.498129815451093,174.6205554999993,26.71325453078583,0.0,0.0,,,,,,,0.20286122679334845,0.06018391212083608,0.31439356993961437,0.1451307691860658,0.41520518317111305,0.06545033457201793,0.6088024637975675,0.040001198426389155,0.40021933699884843,0.04340899497440804,0.17196602241352307,0.03871563987686538,0.2844255957153529,0.038637282980985295,0.20781317302182858,0.04183087066315655,0.5397135833706515,0.038806306178487945,0.5766739224014943,0.07006593385177017,bio_compare_family,Семейство compare-биолягушек,bio,bio_family,BioFrog dual fast compare (Frog_predator_neuro_dual_fast_compare),BIO dual fast compare,Frog_predator_neuro_dual_fast_compare,BIO,bio_dual_fast_compare,bio_family,43,,,0.17259473633480119,0.024316159122260546
BIO_DUAL_FAST_COMPARE,adult,4,5,91.8,25.6,5.508,1.5359999999999998,0.9087553759869031,0.015429507576797792,0.126,0.03006659275674581,12.430000000000001,1.9627837374504613,9.764839946620182,2.197407461720505,0.19596724611252,0.006947434265645305,-0.1096741303906619,0.1912619863716589,1.5960981120628444,0.19140029326721927,0.2447826364334249,0.05996050070952471,0.629387616235516,0.04905792678468665,30.63523796799974,3.8917372381484276,1.0,0.0,2.7565658482894544,0.5146008106887796,3.9178762352955516,0.7529829556754459,2.141557907637995,0.48902135201189606,0.39548076576886226,0.15659873367896326,0.49124059940581655,0.2935173589564825,8.290149025880773,1.660527197655276,0.39548076576886226,0.15659873367896326,0.6192139005691368,0.32300473267004776,9.091299217682597,1.9563238835538503,184.40547458000074,4.840220948535099,0.0,0.0,,,,,,,0.20480054974694145,0.0442590273507432,0.25679859152925355,0.09582426625492618,0.39280645191598074,0.05514072967385414,0.5705699275514456,0.025721086801740067,0.3883049763937963,0.03423576710204733,0.16944572413723907,0.03552513135486431,0.27980667689214617,0.03252369642442408,0.20443003934660253,0.03553631883857517,0.5409309307785344,0.033240101041556766,0.5822712761123267,0.06065368216387036,bio_compare_family,Семейство compare-биолягушек,bio,bio_family,BioFrog dual fast compare (Frog_predator_neuro_dual_fast_compare),BIO dual fast compare,Frog_predator_neuro_dual_fast_compare,BIO,bio_dual_fast_compare,bio_family,43,,,0.16453780288334224,0.019993480205388065
BIO_DUAL_FAST_COMPARE,adult,5,5,39.8,35.52689122340991,2.388,2.1316134734045944,0.9184411027568922,0.04747840039194921,1.9300000000000002,0.6463745044476924,67.1525,28.968288157052015,4.878811220477662,2.394327592236276,0.1564436262651286,0.030054049267441693,-1.6518547019996064,1.3633974272679663,3.0215156689447236,1.4118485315320826,0.052659057255378686,0.06617046141416583,0.40075643037966513,0.1723806582208667,18.438070121804714,9.845972395889815,1.0,0.0,2.371191721132898,0.599146665307142,3.3309544778990636,0.692431418619922,5.4337274424009445,3.6296452502400918,0.022357026813542992,0.03872350634723618,0.057700629898555324,0.11540125979711065,6.170800262404774,2.397057825904229,0.022357026813542992,0.03872350634723618,0.057700629898555324,0.11540125979711065,6.83968538437725,2.919393284615641,115.758031759999,35.742405383040385,0.0,0.0,,,,,,,0.09978743186903136,0.06965804299369951,0.6194189856404169,0.23855740916901771,0.29001377308452525,0.07936398537144426,0.6018890951175303,0.036957908371419,0.3860412881438637,0.06967874098115422,0.12831739323880412,0.03895693460138184,0.24342578988989755,0.03957154938619267,0.1663243589596431,0.04297966481327564,0.4510657822179799,0.050980952811399444,0.42241911390577147,0.0857374214248814,bio_compare_family,Семейство compare-биолягушек,bio,bio_family,BioFrog dual fast compare (Frog_predator_neuro_dual_fast_compare),BIO dual fast compare,Frog_predator_neuro_dual_fast_compare,BIO,bio_dual_fast_compare,bio_family,43,,,0.1267348683480582,0.024752538272993334
BIO_DUAL_FAST_COMPARE,adult,6,5,56.6,32.078653338318304,3.3959999999999995,1.924719200299098,0.936016658337498,0.042914709301341246,2.4240000000000004,0.7844131564424452,36.7,4.33144317751024,6.362562066992366,3.479211161055895,0.1694270571064246,0.040023059093722356,-1.4407489119318495,2.2905950089021565,2.696422014793662,1.5967026545422982,0.16632860243704528,0.10886227598314911,0.5037006363231763,0.17736148593753753,23.926297684552374,9.21960939297481,1.0,0.0,2.5453238095238095,0.669338949213506,3.793720116110221,1.2672058621080053,4.964604672432937,4.560062729098945,0.0,0.0,0.4114234506313778,0.36202599684806025,6.1406891567071415,2.3039237395800276,0.11488970588232986,0.19899480785484022,0.4114234506313778,0.36202599684806025,6.668163597219243,2.7987109323057977,153.5254212800035,43.48704210936819,0.0,0.0,,,,,,,0.15064264980029535,0.06870250347594983,0.43339036456320273,0.2311190928817313,0.3383212490788135,0.03650545647387655,0.5792889994436833,0.043531578942912416,0.3801711773888462,0.027270362297538233,0.14182433602685657,0.023215137981766016,0.2547635204459267,0.01739453946234528,0.177935465324974,0.019445077765665512,0.4944931243079857,0.044022806108360235,0.4977638151812366,0.0858447331411688,bio_compare_family,Семейство compare-биолягушек,bio,bio_family,BioFrog dual fast compare (Frog_predator_neuro_dual_fast_compare),BIO dual fast compare,Frog_predator_neuro_dual_fast_compare,BIO,bio_dual_fast_compare,bio_family,43,,,0.1434159500517171,0.01511647784568354
BIO_DUAL_FAST_COMPARE,adult,7,5,97.4,49.35828197982584,5.843999999999999,2.96149691878955,0.9096521138248417,0.03399913651789953,0.16799999999999998,0.12623787070447598,47.904,46.441687135589724,10.204805374706329,3.3215471878641565,0.1831826673287062,0.020966699786302726,-0.5440899418936953,0.7447308649364606,1.674089835361336,0.668839337624187,0.1779903235286241,0.11753484899487396,0.5660386572265519,0.16938439381509224,28.582656722369183,10.13120792008296,1.0,0.0,2.0995392628515637,0.5555414672444192,3.0263266819694303,0.9719603873183406,2.2245250897678948,1.391074559287595,0.08550297122827495,0.12091946153422298,0.0,0.0,9.823767547717043,2.79480266016806,0.1710059424565499,0.24183892306844595,0.11393306432473445,0.2278661286494689,10.742998643459122,2.961286937465771,153.44761241999512,44.68530931770767,0.0,0.0,,,,,,,0.20404516515827456,0.09843287762592516,0.3933112494465911,0.26957157887897487,0.40491894722080984,0.06557868045836517,0.6322784037266244,0.05998441905573296,0.40389295136697356,0.031132209328182538,0.1749001846654816,0.03734117799426375,0.2863117326027661,0.03232964318130563,0.21092818521872975,0.03426121825069039,0.5213128317933818,0.06038366965464023,0.5463373802740824,0.11838939852792356,bio_compare_family,Семейство compare-биолягушек,bio,bio_family,BioFrog dual fast compare (Frog_predator_neuro_dual_fast_compare),BIO dual fast compare,Frog_predator_neuro_dual_fast_compare,BIO,bio_dual_fast_compare,bio_family,43,,,0.171639071308199,0.02643132473606998
BIO_DUAL_FAST_COMPARE,adult,8,5,95.0,33.982348359111384,5.699999999999999,2.0389409015466824,0.9150830421198155,0.019413971391569387,0.05600000000000001,0.032,48.104,51.12316445604674,10.336896400086166,3.8618800322431035,0.1940119758304755,0.007266803258506992,-0.16188610325157904,0.2020337524888513,1.4683706424336287,0.29501370254639736,0.2761378421754646,0.0429016667843391,0.5806492313390386,0.04838412997704022,28.289358758883225,3.8987794306964427,1.0,0.0,3.060750914822692,0.4225712969761025,3.7248200378098195,0.6614067905705533,2.1923063571715398,0.7450082272064631,0.40826829279943483,0.14122942418925352,0.4826704178393596,0.3260282752426603,8.261526163944493,1.4245733440331878,0.5624702974254628,0.29027614051532824,0.5989057189467395,0.3184638518049546,8.96915584119869,1.5970696709986454,183.28630380000104,5.392211845660785,0.0,0.0,,,,,,,0.2139052154451106,0.05573167365270186,0.27150869936053657,0.11659668326128544,0.3806576412218872,0.06926648928974413,0.5701103937366586,0.022827033390935385,0.36953560848558115,0.033083295604269494,0.15920524787946952,0.036804120322809476,0.26913379350896777,0.033879332540568095,0.1926198758574904,0.037665993401404474,0.5335848566212897,0.031884826828609734,0.5730780012585196,0.05361011574709496,bio_compare_family,Семейство compare-биолягушек,bio,bio_family,BioFrog dual fast compare (Frog_predator_neuro_dual_fast_compare),BIO dual fast compare,Frog_predator_neuro_dual_fast_compare,BIO,bio_dual_fast_compare,bio_family,43,,,0.16205042840416872,0.02480455541156653
BIO_DUAL_FAST_COMPARE,adult,9,5,66.2,33.83134641127958,3.972,2.029880784676775,0.9142043178539121,0.03151671077314915,0.1,0.020000000000000007,69.36800000000001,65.36886824781351,6.267702013563505,2.2537293437990753,0.18129194898875273,0.02239250305786357,-0.6148463483513533,0.8033700130772577,2.0166233059003575,0.730280498775738,0.17942801456547172,0.10214606670261057,0.5251432904264549,0.14128968758136703,23.936996452826467,7.675353042183872,1.0,0.0,2.5358570562770564,0.6838520478704829,3.6406066364104617,1.0484753102822877,3.4227182893770847,1.8909444075722532,0.19969930129981178,0.3245106237906746,0.4450446745154492,0.3057549272204446,7.170338158581759,0.8253485424389216,0.19969930129981178,0.3245106237906746,0.6199554256740217,0.3461336666048675,7.792909703928724,0.773118198184438,165.70274899999785,35.97070184161199,0.0,0.0,,,,,,,0.14402256841503666,0.062272051576057565,0.40768572342959175,0.22734683226028862,0.34935415995653074,0.04911991904288341,0.5784120633875286,0.04114987100115442,0.385198244093843,0.021648235016405535,0.14504450305346617,0.02789178995790281,0.2586237518505938,0.023703176535424135,0.18208785541953276,0.02701414840891478,0.5000128021492836,0.04109715934324467,0.5027554217549173,0.07552654282537093,bio_compare_family,Семейство compare-биолягушек,bio,bio_family,BioFrog dual fast compare (Frog_predator_neuro_dual_fast_compare),BIO dual fast compare,Frog_predator_neuro_dual_fast_compare,BIO,bio_dual_fast_compare,bio_family,43,,,0.14632472744453678,0.01949516178533391
BIO_DUAL_FAST_COMPARE,developmental,0,5,112.4,37.88720100508878,6.744,2.273232060305326,0.9014285036412784,0.03211957330501301,0.057999999999999996,0.031240998703626614,19.57,10.158738110611969,12.287168341913816,3.442104322287327,0.19342970709789953,0.009363117221118683,-0.1828611496315436,0.26911641583696483,1.4180645700791232,0.23214840202726522,0.17671108138355646,0.10095853515082896,0.6211990275505651,0.11008507956204566,32.03394176432005,7.193902378008433,1.0,0.0,2.597436921637599,0.6487409990131044,3.6250608297373006,0.7891715308840604,1.6531391712041397,0.5639389280514533,0.0,0.0,0.3644705859660599,0.25014929950195136,9.291072470908116,0.22473411805215954,0.0,0.0,0.4642958916810892,0.42325481481703625,10.308038809490089,0.31861528748662915,164.63406407999574,24.756493836850737,3.2439999999999998,0.3781322519965732,,,,,,,0.22759907613402558,0.08124221599781227,0.2535402484869824,0.18841550513957178,0.4244051951189284,0.08537832903596311,0.5983090454786911,0.028732837766447535,0.4050190118163643,0.030394651126395014,0.18909047785863184,0.04757139178412811,0.29878862272953277,0.04267162502860228,0.2246900775863309,0.0472535799440223,0.550163779323676,0.0541706352099904,0.5988971804114137,0.09816806104737931,bio_compare_family,Семейство compare-биолягушек,bio,bio_family,BioFrog dual fast compare (Frog_predator_neuro_dual_fast_compare),BIO dual fast compare,Frog_predator_neuro_dual_fast_compare,BIO,bio_dual_fast_compare,bio_family,43,,,0.17673272546166466,0.03267951175761574
BIO_DUAL_FAST_COMPARE,developmental,1,5,79.4,29.124560082514552,4.764,1.747473604950873,0.9321791937332332,0.012046273768426524,0.046,0.032,39.458000000000006,42.30800652358842,8.19145271106461,2.1353874398403505,0.19001854393012663,0.009705822862296244,-0.27715804701721525,0.28438506902607985,1.7893131072521729,0.4557669287317501,0.22010615035662023,0.05382906894375413,0.6242959227272626,0.09919033081397964,28.95805623721729,5.653827976626668,1.0,0.0,2.3913348768423397,0.572117186460964,3.2618621374871375,0.7229225807363618,2.3745286843530984,0.7994764421343454,0.0,0.0,0.40591074400377797,0.13450941017489146,7.686091845036858,1.8973846404408856,0.0,0.0,0.5182068566132337,0.2060946465281524,8.201010303074558,2.04373559065473,165.48949659999926,17.257455761451556,3.5060000000000002,0.31916140117501673,,,,,,,0.15542092513702835,0.06564411012563491,0.31109684985232633,0.13186284366636492,0.3566134225186026,0.047776823465039114,0.5531762999360128,0.03206512572305024,0.387404318577189,0.03662116630316001,0.14929339818042686,0.02566925026723833,0.2614978448946491,0.02138692234942546,0.1865924060413829,0.025822802257113243,0.522130841894859,0.030572260636497643,0.5475555066686923,0.05709503305625017,bio_compare_family,Семейство compare-биолягушек,bio,bio_family,BioFrog dual fast compare (Frog_predator_neuro_dual_fast_compare),BIO dual fast compare,Frog_predator_neuro_dual_fast_compare,BIO,bio_dual_fast_compare,bio_family,43,,,0.14878320553091107,0.018924377609189757
BIO_DUAL_FAST_COMPARE,developmental,2,5,86.6,38.69160115580641,5.196,2.3214960693483846,0.8901772748893872,0.03526630245359105,0.41600000000000004,0.21209431864149497,24.726,10.988214777660655,10.399298729691605,2.61264858340784,0.1842454527191892,0.013676496702835264,-0.4602411138577994,0.44132762107545914,1.5094134490926219,0.2904588682820683,0.08227096939609678,0.1135613115518802,0.5257164173512026,0.15992348327507536,25.612661000449567,8.949051223592354,1.0,0.0,2.0432763576934123,0.45551730320286016,2.8160694584436072,0.6694464285823519,2.010120129562168,0.827569764604474,0.0,0.0,0.13115003192501964,0.16251318661573916,10.05818135955003,0.92310987218983,0.0,0.0,0.18891454525900703,0.24077634081903568,11.275440106790205,1.3515459174625764,144.65457113999872,36.28874697944798,2.846,0.24775794639123083,,,,,,,0.14712720291485407,0.07335973375482764,0.42867715924327515,0.2339207958709575,0.3604891924327131,0.06506650537485685,0.5943156604598272,0.0444365103980631,0.4108945200372336,0.04446257957575092,0.15675378724824468,0.03834264161391455,0.2713369223726579,0.03426318041325227,0.19562415600800268,0.038816590901783896,0.5072076424733545,0.052197930308387396,0.5162221877384403,0.09736527447510161,bio_compare_family,Семейство compare-биолягушек,bio,bio_family,BioFrog dual fast compare (Frog_predator_neuro_dual_fast_compare),BIO dual fast compare,Frog_predator_neuro_dual_fast_compare,BIO,bio_dual_fast_compare,bio_family,43,,,0.14981032041476686,0.025106981737012705
BIO_DUAL_FAST_COMPARE,developmental,3,5,97.0,29.393876913398138,5.819999999999999,1.7636326148038883,0.9073602267108438,0.028791980287823225,0.14,0.05059644256269407,32.616,14.791279322627913,10.362520561227848,2.759953598073756,0.19249106557843587,0.006372349354730195,-0.2008520537830611,0.17543077431500215,1.4454048914237116,0.27898028246696477,0.18240270828065588,0.10255763869914157,0.5758759089771691,0.08075208409997511,29.031528240353282,5.067326504798578,1.0,0.0,2.4931440243298493,0.7148790384186814,3.5126238544955912,1.1247313328828794,1.821526300953154,0.46550910165237025,0.12723725506825873,0.22038139039382476,0.5067719630737181,0.3256873981778269,9.572458990427712,2.4278356567590067,0.38171176520477623,0.6611441711814744,0.6404702718013657,0.396313334759852,10.5247354676179,2.7275276097756915,164.41166498000385,19.949777422690424,5.238,1.0356138276403999,,,,,,,0.20176628961401666,0.059118519101542616,0.31459370603973796,0.1294554813823278,0.36528985556360105,0.06584122585655804,0.5713154657406242,0.014593382554964647,0.37574909817835905,0.0306580147979508,0.15856735123026808,0.027578920031438987,0.2683666028752995,0.02448967666083099,0.19279502264240805,0.029540516324773024,0.5187962294080537,0.03708772764635324,0.5481602990788572,0.06027261381230088,bio_compare_family,Семейство compare-биолягушек,bio,bio_family,BioFrog dual fast compare (Frog_predator_neuro_dual_fast_compare),BIO dual fast compare,Frog_predator_neuro_dual_fast_compare,BIO,bio_dual_fast_compare,bio_family,43,,,0.15655243146564773,0.02260027901508886
BIO_DUAL_FAST_COMPARE,developmental,4,5,86.2,25.388186229031803,5.172,1.523291173741908,0.9280357574398229,0.019145470773857892,0.042,0.007483314773547884,17.108,4.956415640359473,10.165744650501708,1.2404306781900574,0.19234059333024556,0.009016625343722575,-0.21081094328644032,0.24960907310503846,1.5685912050706554,0.17685375655153596,0.2354748698306289,0.07732490708881873,0.5982527882785253,0.09012433751292184,29.19024981135044,5.775417137716942,1.0,0.0,2.617240721928734,0.5367925780797655,3.682524378830995,0.7340545150679634,1.9877290314478728,0.43941057187446786,0.05371723248821014,0.07596763871797542,0.26833713935711184,0.3484662355907926,8.11022225320925,1.5091386228470849,0.05371723248821014,0.07596763871797542,0.26833713935711184,0.3484662355907926,8.742745118083247,1.5508739774386737,160.7626019999967,17.34851535184326,2.91,0.31022572427185985,,,,,,,0.2064463308425668,0.04524552676612833,0.31286477363597176,0.17402682071835188,0.3606197792942262,0.07207852200741617,0.5684346700711711,0.011455198784713337,0.36513790762167453,0.025074598352682054,0.15459545182130222,0.036397588959296734,0.2644905676370344,0.032865854891571886,0.18734104339806534,0.036684182436005526,0.5145459428058912,0.04418610551880232,0.5425930193955524,0.07415288933646172,bio_compare_family,Семейство compare-биолягушек,bio,bio_family,BioFrog dual fast compare (Frog_predator_neuro_dual_fast_compare),BIO dual fast compare,Frog_predator_neuro_dual_fast_compare,BIO,bio_dual_fast_compare,bio_family,43,,,0.15521734733737574,0.025504893159774684
BIO_DUAL_FAST_COMPARE,developmental,5,5,76.6,37.55848772248425,4.595999999999999,2.2535092633490548,0.9325492015896814,0.013206857635111967,2.418,1.1540433267429782,121.168,95.41332472983007,6.906715365931873,3.3549511350406704,0.18854641958101176,0.010756247812082481,-0.3212898376516481,0.3078529103816583,1.8893036942289292,0.43882783828894995,0.16148488378041487,0.10382196060407438,0.5701202546046055,0.09586138163176718,26.829344155500298,6.726173294648232,1.0,0.0,2.781059862238287,0.7028332339751521,4.005090083348877,0.7067866161153359,2.5568993959394994,1.0899183941980162,0.21624738701082394,0.3058199875384507,0.385065724796528,0.2650953827225013,7.284325853487559,1.3037989738112545,0.21624738701082394,0.3058199875384507,0.385065724796528,0.2650953827225013,7.847762697184805,1.4810222574667324,160.9317636599968,25.872228087934964,9.806000000000001,3.194780743650494,,,,,,,0.17185973251519085,0.08185840956870113,0.3296127101593386,0.19595157337727132,0.36642447078133433,0.0885553225969728,0.5721242090441367,0.050959855706187634,0.395671896960107,0.050582591372466144,0.16351452402346697,0.044319895382013495,0.27487747026357806,0.042146674467556634,0.20009637799698185,0.04457412882999057,0.5204551613576418,0.050401271003579586,0.5479135740079222,0.09434338750415486,bio_compare_family,Семейство compare-биолягушек,bio,bio_family,BioFrog dual fast compare (Frog_predator_neuro_dual_fast_compare),BIO dual fast compare,Frog_predator_neuro_dual_fast_compare,BIO,bio_dual_fast_compare,bio_family,43,,,0.15444809294467005,0.034309049156813945
BIO_DUAL_FAST_COMPARE,developmental,6,5,83.2,26.24042682579687,4.991999999999999,1.5744256095478122,0.9161631610766718,0.021131281593368988,3.024,0.8477877092763259,36.86,22.76599920934726,8.13518236875458,1.5158332326085153,0.19075179472382703,0.00819582095071058,-0.2523150190839082,0.23053163980077238,1.7384235668097106,0.2595408440472177,0.16194566432817417,0.12253621695282686,0.6067407945221379,0.06521683010814784,29.86316129790083,4.810508013972291,1.0,0.0,2.6005343205977964,0.7520749391627659,3.84766568511199,1.0498311588410123,2.035876712444439,0.42971032183791597,0.0,0.0,0.3768849038677683,0.320388357769596,7.763294347333682,0.47127965818905726,0.0,0.0,0.5325527274709272,0.4752309859449361,8.424085270044259,0.42287512135870026,158.8305304999987,22.59970302837905,6.404000000000001,0.7307147186145901,,,,,,,0.16593222967155427,0.07413951650769676,0.33082131308179086,0.1585895912563694,0.39836881003719027,0.07310193360191627,0.5939334766524438,0.03540708481484535,0.4257799540496593,0.02382564401964765,0.17788944636515752,0.03415604467269936,0.2910164595198931,0.031640828160433475,0.21755174016844578,0.03355049232581278,0.5256851524631292,0.040275148962160556,0.5471077193076133,0.0732491420786821,bio_compare_family,Семейство compare-биолягушек,bio,bio_family,BioFrog dual fast compare (Frog_predator_neuro_dual_fast_compare),BIO dual fast compare,Frog_predator_neuro_dual_fast_compare,BIO,bio_dual_fast_compare,bio_family,43,,,0.16366896016705076,0.029380678282566
BIO_DUAL_FAST_COMPARE,developmental,7,5,74.0,28.698432012916665,4.4399999999999995,1.7219059207749996,0.9057288639561222,0.032670209478087124,0.088,0.038157568056677825,23.762,8.035664004922058,9.494706298785156,2.8445587434904875,0.1889906778326675,0.009911702944827173,-0.3059876598085911,0.28079210873516897,1.629617241323499,0.45878340295616227,0.15461187272726012,0.11638110675285308,0.5138732111254322,0.11416943188901206,24.72410160286004,5.849595333591461,1.0,0.0,2.1849538791423004,0.666664529990712,3.3250432405547583,1.1416742703109664,2.231235351832134,0.7913885128016463,0.08833662141872876,0.15300351646621535,0.26468864371699363,0.3395621194455313,9.602530745747622,3.7011336866062874,0.08833662141872876,0.15300351646621535,0.3650762514245818,0.4508291455081931,10.619440149422742,4.213399382210034,148.64900698000275,31.826112868795313,3.434,0.4762184372743248,,,,,,,0.14807475394238356,0.04400710752946747,0.4260522400455285,0.17023123512296578,0.33489431407530623,0.07248028923729789,0.5773375648430955,0.022523568582564844,0.3885671047465423,0.055260509906449526,0.14722997030911764,0.026163827610818525,0.2618357090706974,0.02722867211527339,0.183884946150271,0.030659512220681515,0.49910994710284307,0.05057155274446163,0.5096183529294388,0.07529891371609415,bio_compare_family,Семейство compare-биолягушек,bio,bio_family,BioFrog dual fast compare (Frog_predator_neuro_dual_fast_compare),BIO dual fast compare,Frog_predator_neuro_dual_fast_compare,BIO,bio_dual_fast_compare,bio_family,43,,,0.14369702052628638,0.02034463145608668
BIO_DUAL_FAST_COMPARE,developmental,8,5,98.6,35.67408022640528,5.9159999999999995,2.1404448135843164,0.9114503817471237,0.022713141994899884,0.062,0.03919183588453085,23.592000000000002,10.559729920788694,12.028667843850913,3.5241092959308546,0.19222232061663316,0.010021428314754431,-0.2171926573554602,0.2856321532996978,1.5249858962176224,0.38928027191229336,0.2007777002614643,0.07925783615414668,0.5949151900188961,0.077284495764015,29.726937486191808,5.420113897511497,1.0,0.0,2.8053032864527774,0.7870301987872342,3.566663153261266,0.9678607395850903,1.8905565612948738,0.6219688965036101,0.0,0.0,0.5029366418699598,0.2953181825150179,9.496556188117214,1.8906353208038889,0.0,0.0,0.5029366418699598,0.2953181825150179,10.445894360757986,1.9909649594715844,164.45539136000153,21.080638217621683,2.826,0.16255460620972872,,,,,,,0.20137965430683624,0.08235885875466373,0.30164796125295845,0.17004899306232918,0.4043371959817511,0.05886764874781327,0.5944970342611283,0.03990284111557559,0.40759403179826564,0.041440781910222164,0.18055964001166724,0.03472021348657443,0.29047035724079884,0.030531819603816457,0.2174529668125015,0.03239986935926703,0.5372340067922214,0.039360399230077135,0.5739579951050974,0.07619270380162754,bio_compare_family,Семейство compare-биолягушек,bio,bio_family,BioFrog dual fast compare (Frog_predator_neuro_dual_fast_compare),BIO dual fast compare,Frog_predator_neuro_dual_fast_compare,BIO,bio_dual_fast_compare,bio_family,43,,,0.1687155878767209,0.022859336295855612
BIO_DUAL_FAST_COMPARE,developmental,9,5,77.4,14.122322755127783,4.644,0.8473393653076668,0.9320321329765378,0.021200845986042154,0.08,0.0,19.810000000000002,3.728404484494675,9.004905508706958,2.5525367382992497,0.18970891778336657,0.0042381796914409435,-0.27385279770386045,0.11725819432065519,1.569662129334525,0.24985294593228077,0.22642729893724106,0.09389500443755346,0.570612909168732,0.05477673158914174,26.82350598633372,2.8703016030185986,1.0,0.0,2.427807890505859,0.3254648781526344,2.9221515913852163,0.49442917283142473,2.246414081524583,0.4399879940799265,0.104955628943017,0.10701567433945366,0.4980426724196937,0.19844987599717984,9.049355975449323,2.167609267084651,0.104955628943017,0.10701567433945366,0.5589830343557821,0.20709052995815222,9.698347973219366,2.3835618609391105,167.94313980000152,4.063978880920815,2.492,0.12023310692151308,,,,,,,0.14316277602199565,0.024148411513863894,0.3409111197503909,0.09260131149543296,0.34535731856247776,0.018683791894756052,0.5485802385246242,0.03016842658605002,0.3746494131354415,0.026991186254395696,0.13803491809240984,0.012716197465418352,0.2534755218151585,0.012401595721027685,0.17394978105301057,0.013496686044634788,0.5212252374342541,0.010487847391993224,0.5436784461876287,0.019301234236487195,bio_compare_family,Семейство compare-биолягушек,bio,bio_family,BioFrog dual fast compare (Frog_predator_neuro_dual_fast_compare),BIO dual fast compare,Frog_predator_neuro_dual_fast_compare,BIO,bio_dual_fast_compare,bio_family,43,,,0.1435192992951697,0.0062594373510478215
BIO_FAST_COMPARE,adult,0,5,37.2,5.1536394906900505,2.232,0.30921836944140296,0.9151615789209775,0.014328470954986797,0.038,0.004000000000000001,55.754,8.442467885636287,4.598475055112161,0.30521022344235443,0.1817724052549507,0.008213144713421137,-0.5128505272494045,0.25398511520555545,1.7350165399692952,0.2823381521863348,0.7647322609214517,0.05213408573071066,0.4044274925233915,0.02470445367927653,17.655783267518707,1.0210719645929998,1.0,0.0,2.5384712509183194,0.22958205003573814,6.7076052429667525,1.2699643393258924,5.111830217810699,0.5557046598357874,0.4511449797104887,0.3221994466791422,0.47982402797777085,0.15001098574115998,4.001820809460957,0.2036039618078291,0.5324920878208214,0.40343629549501686,0.5715190181249236,0.16300011065466674,4.326833568946406,0.2758130624519649,187.67695753999868,11.789081370272973,0.0,0.0,,,,,,,0.18186748541066577,0.04465273503747916,0.334156112318139,0.09741632134315989,0.38261049266640706,0.037291157966385324,0.5906716299744208,0.025032987120937152,,,,,,,,,0.5454868313620962,0.026175556559339855,0.5983274436616652,0.05360911184344212,bio_compare_family,Семейство compare-биолягушек,bio,bio_family,BioFrog fast compare (Frog_predator_neuro_fast_compare),BIO fast compare,Frog_predator_neuro_fast_compare,BIO,bio_fast_compare,bio_family,42,,,0.16297476989230875,0.015243346174403778
BIO_FAST_COMPARE,adult,1,5,27.0,12.853015210447703,1.6199999999999999,0.7711809126268621,0.9130729656816614,0.07351006860360335,0.046,0.032,59.938,19.057915310967253,3.8674832174385907,0.8461397032758594,0.1635153529728347,0.01885302106509765,-1.1879463898551912,0.628843517464246,2.058023437753848,0.4599289208750709,0.7657653908836446,0.05458111501143079,0.3370246732620866,0.051977819536211695,12.427187273454717,2.7792203955242605,1.0,0.0,2.727825563909774,0.5260262295311998,7.009331797932104,1.524903584953072,6.411981259334349,1.6618717435144823,0.12081500286219365,0.08414168938315991,0.33225140412407134,0.18174796898362836,3.8081049244774894,0.562667025548347,0.12081500286219365,0.08414168938315991,0.33225140412407134,0.18174796898362836,4.278389971821655,0.7705887975271903,153.87877476000284,22.647793387041165,0.0,0.0,,,,,,,0.18021653023245143,0.044275110287026485,0.5000678992898093,0.189793162231865,0.30667825523887016,0.09036840789008375,0.599319604800746,0.056949383882370065,,,,,,,,,0.4740405974521173,0.056203338182710214,0.4855884571390615,0.098937958192154,bio_compare_family,Семейство compare-биолягушек,bio,bio_family,BioFrog fast compare (Frog_predator_neuro_fast_compare),BIO fast compare,Frog_predator_neuro_fast_compare,BIO,bio_fast_compare,bio_family,42,,,0.14321713499359928,0.02870532507382323
BIO_FAST_COMPARE,adult,2,5,29.0,8.67179335547152,1.7399999999999998,0.5203076013282911,0.9059802906125325,0.03937554436523191,0.156,0.020591260281974,69.554,34.23784374051614,4.198659447828225,0.7196418245614096,0.16726876030051727,0.010579277277123498,-1.0031061536094974,0.390715586439529,2.1847924371124385,0.640418142586987,0.7387742602439454,0.09741040958688497,0.37718365428282263,0.04391149076797488,14.61724331793001,2.0377266985957316,1.0,0.0,2.7577584415584417,0.56274075557693,6.324599840510367,1.37837460935122,6.121055131017446,1.49656830345378,0.20898165339131736,0.1986391532059373,0.34020843649991955,0.2846687265074144,4.501258443439925,1.3433343168884315,0.7827356945850473,0.8963081891753584,0.40920545480401493,0.34072943082133017,4.772088124730233,1.3758403990348949,168.7002446599974,31.301564750979765,0.0,0.0,,,,,,,0.13625589890912881,0.05940721604443223,0.47947230114646333,0.13136945431503647,0.33810204728741,0.020949107040680436,0.6000522066297422,0.033451364879445486,,,,,,,,,0.5072960868182818,0.028156529880735026,0.5265173893553319,0.05797253601220836,bio_compare_family,Семейство compare-биолягушек,bio,bio_family,BioFrog fast compare (Frog_predator_neuro_fast_compare),BIO fast compare,Frog_predator_neuro_fast_compare,BIO,bio_fast_compare,bio_family,42,,,0.14632976598650288,0.005242609101509537
BIO_FAST_COMPARE,adult,3,5,31.8,14.344336861632886,1.908,0.8606602116979731,0.9192183043816439,0.045713957877398195,0.044,0.0048989794855663574,96.0325,30.02905374383282,3.4799753733659715,1.2258147573026428,0.17053806028618618,0.03690746204634354,-1.2694692998306476,1.8912671256000042,2.3100925442281115,1.2239328058469743,0.711669792497655,0.05139335762611681,0.37127884194082456,0.07418512278922806,15.633710363853904,5.019190563954518,1.0,0.0,2.9725414285714287,0.4221323126757636,7.9182181836248,0.7716680680632848,7.346540954700146,4.648113975701936,0.2695276348114597,0.23008447694042816,0.3482683929505216,0.20189657767879376,3.3091936506958803,0.6314885863411663,0.2695276348114597,0.23008447694042816,0.664074197059011,0.27564956782288746,3.5339899738316625,0.7166861636885782,170.08813821999647,35.501732637236785,0.0,0.0,,,,,,,0.18372231380422516,0.040181211034929255,0.375567378399981,0.21338242019988543,0.3376594071681606,0.0947631911159341,0.5731491368202551,0.012384049594980564,,,,,,,,,0.5090694780120272,0.07123943990089204,0.5396155906520452,0.11469905018573079,bio_compare_family,Семейство compare-биолягушек,bio,bio_family,BioFrog fast compare (Frog_predator_neuro_fast_compare),BIO fast compare,Frog_predator_neuro_fast_compare,BIO,bio_fast_compare,bio_family,42,,,0.14951391731567737,0.02824086349858546
BIO_FAST_COMPARE,adult,4,5,33.6,13.865064009949611,2.0159999999999996,0.8319038405969765,0.9112579042457091,0.039113275926580066,0.046,0.011999999999999999,88.61,27.182860040841913,4.162323749557255,0.6476617079088299,0.17699586071469067,0.019618866047374266,-0.7193454723710663,0.6280109680238486,1.8283182997893708,0.33803810992746597,0.7503324690092124,0.03849756638410763,0.38646173979948745,0.04417410530313176,15.022438089681282,3.377026429666901,1.0,0.0,2.7722111268011442,0.2962884422730427,6.696325259968885,1.244688180302603,5.9890386924032235,1.647663474553019,0.19591516873197815,0.27706588869537685,0.3946889444419283,0.2613274046861592,3.4718639591279574,0.29186244782988746,0.44496049498143214,0.32129292165220236,0.4880494498056659,0.3291986252888612,3.6572492159326506,0.20868995699261225,179.16953907999851,16.977998883333072,0.0,0.0,,,,,,,0.18263262533656172,0.04613930539248377,0.3434693952191637,0.14529521795812173,0.30231683523607805,0.09837926877858366,0.5404021271374171,0.034474874677566866,,,,,,,,,0.514209899301818,0.056108612941290645,0.5593685689736627,0.09110715256340808,bio_compare_family,Семейство compare-биолягушек,bio,bio_family,BioFrog fast compare (Frog_predator_neuro_fast_compare),BIO fast compare,Frog_predator_neuro_fast_compare,BIO,bio_fast_compare,bio_family,42,,,0.1394583402703252,0.0323470207028918
BIO_FAST_COMPARE,adult,5,5,31.0,13.221195104830727,1.8599999999999999,0.7932717062898437,0.894360205831904,0.03903706112475528,7.744,9.594216174341707,206.82,75.37356459661439,2.962102154448935,0.9064239063744775,0.17230076728760563,0.011511016081324663,-0.8309657797063992,0.40682057655405424,2.240242381078107,0.7168819049978221,0.753123257010087,0.0724523467252792,0.3997623851598949,0.02748464248493948,15.309604516485711,2.235668512577629,1.0,0.0,2.6922384559884565,0.25215886771765705,7.678375451049986,1.2334106245304524,6.78942420047809,2.455490572346905,0.2968486436226797,0.3733867245365302,0.37691382429265013,0.39722321106348646,3.3326022152664656,0.943009350297351,0.34984749531424064,0.3452359840836643,0.5245723634270575,0.3805851173866133,3.611034053155403,1.0614457225041356,179.66007484000002,14.627480938736879,0.0,0.0,,,,,,,0.1608329086579787,0.045972644084626625,0.3896267081574071,0.08808247821199912,0.3189503058481463,0.025845615632393376,0.5602998142647074,0.026627820726680726,,,,,,,,,0.5099155830395693,0.022344544903954162,0.5476141010183522,0.04081517237534995,bio_compare_family,Семейство compare-биолягушек,bio,bio_family,BioFrog fast compare (Frog_predator_neuro_fast_compare),BIO fast compare,Frog_predator_neuro_fast_compare,BIO,bio_fast_compare,bio_family,42,,,0.14148369309008468,0.00757952644735639
BIO_FAST_COMPARE,adult,6,5,28.2,8.541662601625049,1.6919999999999997,0.5124997560975029,0.9121645021645021,0.038615203926055594,7.358,4.141537878614658,289.072,124.59985768852226,2.481981710342804,0.6828462510533941,0.17916682815397883,0.021159673899927546,-0.6723135804725713,0.7722405576393874,2.387233583438076,0.7204974452709385,0.7917881529699896,0.04048471885064763,0.41723873876533635,0.04864345192915471,18.613599197126288,3.769892410874135,1.0,0.0,3.1513685314685316,0.5965792219028917,7.1795879120879125,1.5055136798123676,7.348317452926101,2.7244548636223356,0.07919328440952379,0.07919328440952379,0.3504582019350636,0.3332686854708934,2.5179973169882564,0.4506889058896549,0.15838656881904759,0.15838656881904759,0.45217995219633905,0.29477380303435596,2.689707127594766,0.44053122895023783,184.60638916000607,5.233236721378484,0.0,0.0,,,,,,,0.1636071419794221,0.039264369393523395,0.2966869049330906,0.15088252435374105,0.3655627152838442,0.026849840376064006,0.5578080341552163,0.030563402647176535,,,,,,,,,0.5317236152504226,0.025207849828366345,0.5739317036656,0.04718447623583218,bio_compare_family,Семейство compare-биолягушек,bio,bio_family,BioFrog fast compare (Frog_predator_neuro_fast_compare),BIO fast compare,Frog_predator_neuro_fast_compare,BIO,bio_fast_compare,bio_family,42,,,0.1534127518619064,0.010150011591946513
BIO_FAST_COMPARE,adult,7,5,34.4,10.63202708800161,2.0639999999999996,0.6379216252800965,0.9053151967237092,0.0592561065595973,0.042,0.004000000000000001,59.79,22.15485680387034,4.661400791171419,1.1465979272316598,0.17406866919141267,0.01842874268822942,-0.8182302989974536,0.6953653157110238,1.8023674367900113,0.5768912087852255,0.7403260069603306,0.051451099015270514,0.36456147265387795,0.06108167280426718,15.731899127111783,3.4228892491495904,1.0,0.0,2.6108380302130305,0.6065629522383539,6.75044382109119,1.42831857379416,5.13549962004683,1.2385026453116452,0.26606358919797474,0.37627073629743957,0.1259980279803564,0.15537689174448618,3.963720542406405,0.9149336041781927,0.3547514522639663,0.5016943150632528,0.19473048688410766,0.2701106858777206,4.398075809110582,1.1959433064669878,164.0799840600026,33.06365614916853,0.0,0.0,,,,,,,0.16231252429508589,0.05210994991274096,0.4117356418397528,0.2025253178321134,0.3545235791322515,0.026204974330301962,0.5991235121269877,0.04550825686674883,,,,,,,,,0.5090500409766348,0.04677859921655909,0.5366450551032693,0.09048524134842437,bio_compare_family,Семейство compare-биолягушек,bio,bio_family,BioFrog fast compare (Frog_predator_neuro_fast_compare),BIO fast compare,Frog_predator_neuro_fast_compare,BIO,bio_fast_compare,bio_family,42,,,0.1547285873652303,0.011969597184504884
BIO_FAST_COMPARE,adult,8,5,43.8,17.83704011320264,2.6279999999999997,1.0702224067921582,0.9354498200719712,0.04623002044357608,0.03,0.0,64.464,16.351686885456193,4.833925163873738,1.2141771655941336,0.18734994140976102,0.01982020905932902,-0.40939932455869366,0.6787624332796965,1.528689856340499,0.45156351259769933,0.7138279663291774,0.047219542919908056,0.3881610837741424,0.07854963738997262,16.94227465564286,3.8792895389092767,1.0,0.0,2.5521702785973326,0.288434073781403,6.89399692668222,0.21743560540652035,4.375188831033187,1.1710303736671,0.0,0.0,0.34463420461745037,0.282712271431219,3.7491975670924633,0.6830702328087066,0.0,0.0,0.34463420461745037,0.282712271431219,4.046428139301353,0.8380133117591833,170.8856314600038,34.261520117988255,0.0,0.0,,,,,,,0.18745737939013915,0.061804714506926345,0.29095183736667385,0.21319390028146923,0.3661636682345093,0.053344376851364964,0.5683396176945855,0.03725297229451311,,,,,,,,,0.528968315089433,0.05466912963341615,0.5730133593746725,0.09957197680138315,bio_compare_family,Семейство compare-биолягушек,bio,bio_family,BioFrog fast compare (Frog_predator_neuro_fast_compare),BIO fast compare,Frog_predator_neuro_fast_compare,BIO,bio_fast_compare,bio_family,42,,,0.15770985656972977,0.02023335981438277
BIO_FAST_COMPARE,adult,9,5,38.0,10.954451150103322,2.28,0.6572670690061992,0.8982760512662071,0.02135947300139288,0.05,0.0,75.634,23.4100675778606,4.643234086672961,0.6907941390861553,0.1824489727121176,0.01834889092044933,-0.5404571373212377,0.5921685417358944,1.5963636668537782,0.29643527628347394,0.7626882637029074,0.03624418408894485,0.3891016979739002,0.08361094353676854,15.496912770969725,3.8222212958110537,1.0,0.0,2.6118436311366655,0.7600530970866265,6.861382211629764,1.1668337704335723,4.3171306687964925,0.5046248428486133,0.0,0.0,0.08003201280511744,0.1600640256102349,3.7308506729387547,0.8599692431786448,0.0,0.0,0.08003201280511744,0.1600640256102349,4.163489099358463,0.9807807206052579,159.32879041999985,35.670580005832264,0.0,0.0,,,,,,,0.2010455083882962,0.061196958220426145,0.3457432969500148,0.23553810004752793,0.38598278424745336,0.03146163499696047,0.598900929004466,0.0558389579860494,,,,,,,,,0.5298499846501559,0.05174624911655918,0.5701194255920187,0.0993640519947785,bio_compare_family,Семейство compare-биолягушек,bio,bio_family,BioFrog fast compare (Frog_predator_neuro_fast_compare),BIO fast compare,Frog_predator_neuro_fast_compare,BIO,bio_fast_compare,bio_family,42,,,0.16377535625007708,0.013061490989573892
BIO_FAST_COMPARE,developmental,0,5,38.0,12.280065146407,2.28,0.73680390878442,0.92291155385495,0.04836699956943503,0.046,0.032,55.632000000000005,26.336397931380063,4.88606469935225,0.7717137970048175,0.17942944514821718,0.01798331031908597,-0.6326970788756145,0.5944558225427715,1.5943668352059241,0.24327963559816704,0.7099269939389226,0.01732514127037129,0.37590784568843605,0.06646022548630635,14.645899427177266,4.174315391095167,1.0,0.0,2.694318569268569,0.2519227654045766,6.620572978279031,0.7185218118339167,4.468814578995933,0.9136123931980327,0.18218254691197389,0.2576450286705861,0.3065064112074146,0.31542261398442956,3.8727237499857132,0.4774826765740799,0.18218254691197389,0.2576450286705861,0.3065064112074146,0.31542261398442956,4.208778590171231,0.42777640044342163,159.6522244199965,30.35665458304404,5.3740000000000006,1.5304587547529662,,,,,,,0.18643967584416893,0.019302377543331535,0.35067691222202046,0.19034055188889373,0.3452076417381883,0.06508379620904543,0.5843277275228181,0.06852634906127478,,,,,,,,,0.5078937796300844,0.05910566400890664,0.5413184651704299,0.09373781947145304,bio_compare_family,Семейство compare-биолягушек,bio,bio_family,BioFrog fast compare (Frog_predator_neuro_fast_compare),BIO fast compare,Frog_predator_neuro_fast_compare,BIO,bio_fast_compare,bio_family,42,,,0.15755765444109884,0.018874090503886807
BIO_FAST_COMPARE,developmental,1,5,37.6,10.49952379872535,2.256,0.6299714279235209,0.9019074170548723,0.0515191485143592,0.036,0.032,56.848,22.611435513916405,4.591611110356764,0.8102043775219965,0.1776686278371612,0.016087563566487155,-0.6799463472997161,0.5700656156247926,1.8449227578089473,0.6706132971381852,0.6954242938321885,0.04964087089573902,0.4116188953831985,0.008857082202796731,16.64811152324467,2.4263318646131387,1.0,0.0,2.605452326839827,0.3134706609801172,6.8720088571711,0.4968484920573094,4.847438629714358,1.4705415624093732,0.2279349809620163,0.19959932926359608,0.47100104795122233,0.3757686459965728,3.877447452268541,0.5371944363384566,0.42968346784835143,0.26453009864692123,0.5704029425605858,0.3343575232160977,4.291182218926087,0.7831465744620343,166.86703910000216,17.4947957570222,12.6,5.205604671889712,,,,,,,0.14811900046912313,0.04896233174023706,0.3686026122453413,0.1408966633969697,0.35563395421010446,0.02692192345540375,0.5774003690187646,0.0189671802575873,,,,,,,,,0.5227150993339272,0.029159974513020402,0.5556730337564207,0.05975501715510068,bio_compare_family,Семейство compare-биолягушек,bio,bio_family,BioFrog fast compare (Frog_predator_neuro_fast_compare),BIO fast compare,Frog_predator_neuro_fast_compare,BIO,bio_fast_compare,bio_family,42,,,0.15124333389768063,0.012168725615796329
BIO_FAST_COMPARE,developmental,2,5,41.8,8.795453370918409,2.508,0.5277272022551045,0.9003828355552492,0.0422965785232132,0.10200000000000001,0.02925747767665559,53.948,13.492991365890664,4.909216291110907,0.518694232740872,0.18875116925951776,0.01291002527894195,-0.32493256480257193,0.3944345187918708,1.5394263894442397,0.2581263424246971,0.7449673587969285,0.03167363409128502,0.4243861859340889,0.04327345557170593,19.220736542577704,1.3610688344123145,1.0,0.0,2.8503032611598464,0.5188329594395175,7.068214062220633,0.8422519557956503,4.2723393503737155,0.7981339598617362,0.3705533596839988,0.3705533596839988,0.34243802114952604,0.3720743582590712,3.6498884977392003,0.8017091308645066,0.3705533596839988,0.3705533596839988,0.5895397014191166,0.4570126886159075,4.046238937989589,0.8857113911700358,171.59149615999777,9.482576734943724,2.77,0.15297058540778358,,,,,,,0.21229053943008078,0.02700245701973089,0.27331574116795976,0.1552188657055344,0.3848356020853113,0.06408207487371967,0.580087048052796,0.031799491014356,,,,,,,,,0.5470213531640535,0.04270968952778476,0.6062632632248476,0.0694856860377057,bio_compare_family,Семейство compare-биолягушек,bio,bio_family,BioFrog fast compare (Frog_predator_neuro_fast_compare),BIO fast compare,Frog_predator_neuro_fast_compare,BIO,bio_fast_compare,bio_family,42,,,0.16584669356275486,0.019478608024457212
BIO_FAST_COMPARE,developmental,3,5,44.2,14.034243834279067,2.652,0.8420546300567441,0.8998643578643579,0.03884301357853112,0.054000000000000006,0.0332264954516723,159.83800000000002,88.44994276990799,4.194339615763672,1.471538961329938,0.1821043097030702,0.015185077626242549,-0.5314869735404677,0.4825861873284067,1.5733319495164484,0.4909695118975836,0.7142978232527178,0.03281510491443982,0.4201291478796767,0.03666990821064349,16.3681481419634,1.7831052605003095,1.0,0.0,2.4835699459093985,0.3035882759486293,7.272768808353808,0.9197405554830529,4.139167648705325,1.301769954507602,0.0,0.0,0.3324808294892082,0.352647719852147,4.035892472674616,1.131751781721376,0.0,0.0,0.4977397351080513,0.35172660095734254,4.457334166945819,1.331450253944929,165.19015858000495,12.686726590953251,18.26,9.232068024012822,,,,,,,0.19246428631424442,0.04059997686304228,0.2979253553689126,0.10754170152819184,0.3342576577481665,0.06363524171080506,0.5524582732277626,0.04258493710393642,,,,,,,,,0.513846643474375,0.03484895876381156,0.5543551006132649,0.05480677772981676,bio_compare_family,Семейство compare-биолягушек,bio,bio_family,BioFrog fast compare (Frog_predator_neuro_fast_compare),BIO fast compare,Frog_predator_neuro_fast_compare,BIO,bio_fast_compare,bio_family,42,,,0.15021031793650558,0.021362415882732824
BIO_FAST_COMPARE,developmental,4,5,31.2,9.042123644365851,1.8719999999999999,0.5425274186619511,0.8906449106449106,0.027508630272613025,0.078,0.04261455150532503,81.628,59.83073771900193,3.767093124894847,0.7964372440529247,0.1798309211055843,0.018176627205015155,-0.6260399555111279,0.6470957550920747,2.0157143589401163,0.8719014035749154,0.8056536760333577,0.047828289339623825,0.39514791310256714,0.06305708487568056,15.966703088324234,4.148813651753643,1.0,0.0,2.44866917962314,0.22539506030526626,6.943259531683312,1.0407323967227977,6.041821284948059,2.0138159805675113,0.1967826044178783,0.2782926280068632,0.568948615546651,0.3297296272561762,3.7733958498439235,1.7540383827900798,2.370695647896175,2.9451088412936115,0.6315537122402234,0.34268365022526903,4.333222489384666,2.20509346645771,170.7214925600012,7.172788893888235,3.18,0.7548244829097689,,,,,,,0.17666066528318367,0.043178966110817896,0.34398904665867885,0.14930052897902868,0.3478459558199982,0.0731249183626731,0.5682002089514333,0.0164016909300405,,,,,,,,,0.5310934108334653,0.0392302254906672,0.5784354557301907,0.06438621748887349,bio_compare_family,Семейство compare-биолягушек,bio,bio_family,BioFrog fast compare (Frog_predator_neuro_fast_compare),BIO fast compare,Frog_predator_neuro_fast_compare,BIO,bio_fast_compare,bio_family,42,,,0.15186622207225567,0.022707882177919272
BIO_FAST_COMPARE,developmental,5,5,26.4,8.01498596380555,1.584,0.48089915782833303,0.9313314733007827,0.05710029087720682,12.828,19.617327442850108,261.42400000000004,102.36592921475388,2.369138994467213,0.6840261774545203,0.18181068936306793,0.02157146694966388,-0.5868225732140796,0.731849696466177,2.4515145229022957,0.7385862998844007,0.8035221673066033,0.03171885479461251,0.4307084502124557,0.04661251171172763,17.725011868950926,2.8426311764680947,1.0,0.0,2.8426455502392343,0.693008339851829,8.863253456221198,1.3472422625585705,7.1323252471467855,2.176069659879852,0.30179379974288373,0.23732718615420262,0.509118500623952,0.26580151308354155,2.455580297905229,0.6665174950490597,0.30179379974288373,0.23732718615420262,0.509118500623952,0.26580151308354155,2.6656375143938837,0.6366855159356385,171.15338582000112,3.4278859814096374,29.72,17.778698490047017,,,,,,,0.19285741695272568,0.025341514988058606,0.30316321483117553,0.12665684902187124,0.349462706085599,0.03573926381141672,0.5557516518991965,0.03606170941378159,,,,,,,,,0.5133400737568234,0.020686208701903148,0.5497632056457071,0.03409030799398279,bio_compare_family,Семейство compare-биолягушек,bio,bio_family,BioFrog fast compare (Frog_predator_neuro_fast_compare),BIO fast compare,Frog_predator_neuro_fast_compare,BIO,bio_fast_compare,bio_family,42,,,0.1521212315370551,0.007809307753509136
BIO_FAST_COMPARE,developmental,6,5,32.0,7.771743691090179,1.92,0.4663046214654107,0.9188681237461725,0.03289904019994297,6.128,2.5238494408343777,193.84,136.49253752495042,3.304004458646811,1.0983673592383472,0.1828157414404173,0.005235541673464488,-0.47454963211213197,0.15929393695837119,2.1510159638696544,0.6725083180479006,0.7209792850384569,0.03833414155283093,0.44733007915013207,0.030146150732168142,20.16510340553188,5.360096556809057,1.0,0.0,2.8061241976414393,0.32475728540175697,7.4905624106282644,1.1158896904717563,5.656788882239114,1.6754428271324355,0.0,0.0,0.34377788143622984,0.2405778943505962,3.040726824975324,0.8566157845517209,0.0,0.0,0.4208145380453313,0.16926107612852587,3.32033449550419,0.8041795299608369,168.09715453999814,5.8737433541373925,15.578,6.6934158693450385,,,,,,,0.15302433504494886,0.03852511808516933,0.2864282821493679,0.08873597789405663,0.35173733013048036,0.03101165117631574,0.5430584452280487,0.036244714666409786,,,,,,,,,0.5274498525812475,0.015976070740867224,0.5643926140395861,0.02361045192703639,bio_compare_family,Семейство compare-биолягушек,bio,bio_family,BioFrog fast compare (Frog_predator_neuro_fast_compare),BIO fast compare,Frog_predator_neuro_fast_compare,BIO,bio_fast_compare,bio_family,42,,,0.14889169784526687,0.008689589410055942
BIO_FAST_COMPARE,developmental,7,5,36.4,16.72841893306119,2.184,1.0037051359836713,0.9368291761148905,0.021009637622451477,0.054000000000000006,0.0332264954516723,66.48400000000001,30.085228003124723,4.959987053082816,1.165693346812152,0.17372970296725893,0.015274805837746914,-0.799393784960679,0.4935055874799194,1.883939138392241,0.6518116245109749,0.7351630818403718,0.06587118859137218,0.39278153346887984,0.05639481546068897,16.480074292898482,3.895573820390914,1.0,0.0,2.6590299627791563,0.536326561100549,6.963911973244147,1.5108061843403995,4.927533993569254,1.6199202747460297,0.1973526546015906,0.24332125672728658,0.20947464820161144,0.3226124531538733,3.9808304021614704,1.2034659325058712,0.24701823966220393,0.3258865800111924,0.2516628073916157,0.3058160532479046,4.216276099900402,1.2775257901538497,156.32413586000038,26.66570336961065,4.046,0.5394293280866364,,,,,,,0.16775599572677924,0.08309266301018718,0.38797741274002556,0.18019206689685352,0.3406824967490217,0.04651065253548249,0.5775455366405011,0.039428558469194304,,,,,,,,,0.5108412461719547,0.03933035357726545,0.5408453286173425,0.07962114152449376,bio_compare_family,Семейство compare-биолягушек,bio,bio_family,BioFrog fast compare (Frog_predator_neuro_fast_compare),BIO fast compare,Frog_predator_neuro_fast_compare,BIO,bio_fast_compare,bio_family,42,,,0.1485424511315183,0.02097657917913817
BIO_FAST_COMPARE,developmental,8,5,38.6,11.038115781237304,2.316,0.6622869468742381,0.9228438228438229,0.03883088883116567,0.052000000000000005,0.03919183588453085,137.71800000000002,80.57019260247552,4.230330630226208,1.0291975617056128,0.19060777815303442,0.013572818006652965,-0.2762295842819173,0.4193221457982667,1.6369762719241419,0.28240451892492097,0.7612952876785204,0.02968529443786084,0.4301637751262679,0.028598703149240384,17.542744486245653,3.0863384768751803,1.0,0.0,2.8770795037156183,0.4571782822309185,6.515949168236032,0.4147387448081198,4.6512495084246765,0.937906805877062,0.20648358455500962,0.20648358455500962,0.42295254724045617,0.34268745706504566,3.368639549971089,0.5314099701334216,0.20648358455500962,0.20648358455500962,0.42295254724045617,0.34268745706504566,3.695249791133315,0.6656939877807282,169.27520438000502,8.97660629042206,2.9080000000000004,0.18797872220014694,,,,,,,0.18258120931283986,0.029057057255762346,0.27060673506842364,0.11172011876565043,0.32802601302108714,0.059261583622539034,0.532745997665969,0.018756726932165853,,,,,,,,,0.5187195918894035,0.026722990458894848,0.5601778673257563,0.040320244790782195,bio_compare_family,Семейство compare-биолягушек,bio,bio_family,BioFrog fast compare (Frog_predator_neuro_fast_compare),BIO fast compare,Frog_predator_neuro_fast_compare,BIO,bio_fast_compare,bio_family,42,,,0.14574243016938035,0.019952206068841065
BIO_FAST_COMPARE,developmental,9,5,48.8,7.626270385975047,2.928,0.4575762231585028,0.904641894266225,0.024926827986563597,0.04,0.0,75.374,38.068875791123645,5.521620976786581,1.2700778574199585,0.19053603073990458,0.005387783123682712,-0.25255598065445667,0.14878466783301453,1.3556111381153246,0.22654188994589125,0.6973409398241743,0.030704532333791935,0.4248462140648802,0.027628410746952024,17.397943994818803,1.1241708964787245,1.0,0.0,2.7181957119976743,0.30711886511004044,6.946859146105868,1.1119946671095844,3.565884720844285,0.6494072940433613,0.0,0.0,0.4025643465021872,0.06954921577025666,4.264168521597318,1.5333052842751362,0.0,0.0,0.5433159619902526,0.24298742579247534,4.661228892728698,1.6286873085735158,169.07578113999625,8.706452906758868,2.408,0.05564171097297418,,,,,,,0.23314619858614266,0.03584591954912705,0.23692788050054112,0.08867914894820575,0.36245135192893807,0.01800089523041528,0.5562745528304391,0.03173434850828809,,,,,,,,,0.5377841821453643,0.01808043565145613,0.5976590137644603,0.030222988155981657,bio_compare_family,Семейство compare-биолягушек,bio,bio_family,BioFrog fast compare (Frog_predator_neuro_fast_compare),BIO fast compare,Frog_predator_neuro_fast_compare,BIO,bio_fast_compare,bio_family,42,,,0.16085605836481104,0.006562171098687017
ANN_FROZEN_SOFT_SATED_V2,adult,0,5,121.8,102.229936906955,7.308,6.133796214417299,1.0,0.0,0.442,0.09558242516278817,14.824000000000002,5.237585703356079,10.712460341476634,8.577818621723377,0.1759596853672783,0.027339788167306277,-0.8351746554596907,0.9800769684025544,6.202103645499289,5.162152476003464,0.0,0.0,12.095074100686492,0.409813590299037,1858.9842064639238,71.31193974750376,1.0,0.0,1.0363350034435261,0.22658595901503892,1.8165243114236738,0.5580394944805802,0.34347437617690746,0.33835979958186874,0.4528213577663462,0.44987995109932005,0.8273504398759549,0.998544789682592,12.296306298116413,6.457402324309819,0.4528213577663462,0.44987995109932005,0.8273504398759549,0.998544789682592,12.296306298116413,6.457402324309819,11.534547000000066,0.4743424904884843,0.0,0.0,,,,,,,0.0,0.0,,,,,,,,,,,,,,,0.0,0.0,0.0,0.0,ann_homeostasis_chronology,Хронология homeostatic ANN: V2 -> V3 -> V3.1,ann_homeostasis,chronology,ANN frozen homeostatic V2 (frog_lib_ann_frozen_soft_sated_v2),ANN frozen V2,frog_lib_ann_frozen_soft_sated_v2,ANN,ann_homeostasis_frozen,ann_homeostasis,31,,,,
ANN_FROZEN_SOFT_SATED_V2,adult,1,5,168.8,45.09279321576786,10.127999999999998,2.705567592946071,1.0,0.0,0.522,0.19813126961688812,14.0,1.216519625817849,15.365610484876678,4.372093977913159,0.19623584715350453,0.002900706422409151,-0.09703535897688705,0.07621093969100305,2.089154114608512,0.26478024994389815,0.0,0.0,11.939579573042824,0.1915903165910325,1833.16712567377,34.07804046755396,1.0,0.0,1.2061662895824816,0.06081436094283074,1.5201441572644023,0.056034079257407,0.07569097797341393,0.020779583400100003,0.42565266742355073,0.6019637751306699,1.6587704523688624,2.00740675114182,14.33329318340374,1.7933025377560448,0.42565266742355073,0.6019637751306699,1.6587704523688624,2.00740675114182,14.33329318340374,1.7933025377560448,11.85675424000001,0.31823564682373373,0.0,0.0,,,,,,,0.0,0.0,,,,,,,,,,,,,,,0.0,0.0,0.0,0.0,ann_homeostasis_chronology,Хронология homeostatic ANN: V2 -> V3 -> V3.1,ann_homeostasis,chronology,ANN frozen homeostatic V2 (frog_lib_ann_frozen_soft_sated_v2),ANN frozen V2,frog_lib_ann_frozen_soft_sated_v2,ANN,ann_homeostasis_frozen,ann_homeostasis,31,,,,
ANN_FROZEN_SOFT_SATED_V2,adult,2,5,126.8,63.294233544612894,7.608,3.797654012676773,1.0,0.0,1.262,0.6086838259720724,98.686,167.9399660116674,11.28799968986846,4.229792870282282,0.19155664943153292,0.010354604786921677,-0.23686263416242537,0.3048986828471564,2.938131126663652,1.4183639838226554,0.0,0.0,12.072136098430182,0.2887487689191485,1855.7562657798396,49.11017517366112,1.0,0.0,1.1052252889681125,0.18491470878417127,1.5319089931541159,0.08309084663533889,0.13131901742414856,0.09132957782608929,0.8668790608228355,0.25508243988468093,0.7563840425725534,0.43884355601860936,13.291932719690678,1.0740926889949145,0.8668790608228355,0.25508243988468093,0.7563840425725534,0.43884355601860936,13.291932719690678,1.0740926889949145,11.689567820000002,0.3679258069085803,0.0,0.0,,,,,,,0.0,0.0,,,,,,,,,,,,,,,0.0,0.0,0.0,0.0,ann_homeostasis_chronology,Хронология homeostatic ANN: V2 -> V3 -> V3.1,ann_homeostasis,chronology,ANN frozen homeostatic V2 (frog_lib_ann_frozen_soft_sated_v2),ANN frozen V2,frog_lib_ann_frozen_soft_sated_v2,ANN,ann_homeostasis_frozen,ann_homeostasis,31,,,,
ANN_FROZEN_SOFT_SATED_V2,adult,3,5,112.0,98.20794265231301,6.720000000000001,5.89247655913878,1.0,0.0,0.716,0.24711131095115824,23.682000000000002,6.04312965275444,10.746916308573997,3.349885105421596,0.18771417148869962,0.006221599316184266,-0.3328728239742188,0.1697352750873163,3.619794432847894,1.3955577734943851,0.0,0.0,12.092315337837505,0.378205689844697,1857.9652072188212,67.57585475111102,1.0,0.0,1.1878493309138054,0.057755303882035154,1.6967952912992943,0.11467722421777396,0.16677166894240408,0.08579154171081284,0.2739113034203593,0.20166081247876977,0.8790027866481693,0.7538823199973739,12.754051619004677,4.343568185734352,0.2739113034203593,0.20166081247876977,0.8790027866481693,0.7538823199973739,12.754051619004677,4.343568185734352,11.6904309,0.4001455754147906,0.0,0.0,,,,,,,0.0,0.0,,,,,,,,,,,,,,,0.0,0.0,0.0,0.0,ann_homeostasis_chronology,Хронология homeostatic ANN: V2 -> V3 -> V3.1,ann_homeostasis,chronology,ANN frozen homeostatic V2 (frog_lib_ann_frozen_soft_sated_v2),ANN frozen V2,frog_lib_ann_frozen_soft_sated_v2,ANN,ann_homeostasis_frozen,ann_homeostasis,31,,,,
ANN_FROZEN_SOFT_SATED_V2,adult,4,5,136.6,82.44173700256442,8.196,4.946504220153865,1.0,0.0,0.712,0.5937811044484322,16.362000000000002,7.899519985416836,13.405828802588,2.9769754426655988,0.19044383438626603,0.0072786448538272085,-0.2584772765829133,0.1984860972987599,2.7368555964794745,0.8390005186482495,0.0,0.0,12.044050828648034,0.3734961772974892,1851.549432295917,62.23366296220441,1.0,0.0,1.2021003762214713,0.14197069605444,1.5597609860365993,0.041435119679763786,0.12226854949291326,0.06284398961951246,0.29206625986842255,0.34461821671761594,1.7716372692662516,2.539314249481743,15.939968490311992,2.898006210105007,0.29206625986842255,0.34461821671761594,1.7716372692662516,2.539314249481743,15.939968490311992,2.898006210105007,11.734990760000027,0.33036625441637046,0.0,0.0,,,,,,,0.0,0.0,,,,,,,,,,,,,,,0.0,0.0,0.0,0.0,ann_homeostasis_chronology,Хронология homeostatic ANN: V2 -> V3 -> V3.1,ann_homeostasis,chronology,ANN frozen homeostatic V2 (frog_lib_ann_frozen_soft_sated_v2),ANN frozen V2,frog_lib_ann_frozen_soft_sated_v2,ANN,ann_homeostasis_frozen,ann_homeostasis,31,,,,
ANN_FROZEN_SOFT_SATED_V2,adult,5,5,136.4,64.93258042000178,8.184,3.895954825200107,1.0,0.0,1.8960000000000001,0.39857747051232084,26.686,17.078206697425816,13.624707678036026,4.204782692120016,0.1917975296044217,0.007681394578575687,-0.2224917696479567,0.2163399517895337,2.937759054957221,1.4780463066025402,0.0,0.0,11.990524941727722,0.21389735348228797,1842.1441570129705,39.47640315140355,1.0,0.0,1.188099332533725,0.11498112799456386,1.6285514855150616,0.1601440045166886,0.12344852908462962,0.0865646481858703,7.144623021594384,7.016639635050419,0.5527077712154964,0.43927313659446804,14.568301986110868,3.8524046373291694,7.144623021594384,7.016639635050419,0.5527077712154964,0.43927313659446804,14.568301986110868,3.8524046373291694,11.733193200000006,0.2573443935219467,0.0,0.0,,,,,,,0.0,0.0,,,,,,,,,,,,,,,0.0,0.0,0.0,0.0,ann_homeostasis_chronology,Хронология homeostatic ANN: V2 -> V3 -> V3.1,ann_homeostasis,chronology,ANN frozen homeostatic V2 (frog_lib_ann_frozen_soft_sated_v2),ANN frozen V2,frog_lib_ann_frozen_soft_sated_v2,ANN,ann_homeostasis_frozen,ann_homeostasis,31,,,,
ANN_FROZEN_SOFT_SATED_V2,adult,6,5,76.2,55.8046593036818,4.572,3.348279558220908,1.0,0.0,1.936,0.2900758521490543,15.126,0.9591788154457954,7.835831082104202,1.5697635362655573,0.1920346729449902,0.008439866205462788,-0.2178743856899695,0.2385974290777672,3.910749519022778,1.097773789884688,0.0,0.0,12.277639690777345,0.21419760513385952,1892.1371135206277,38.2153083192699,1.0,0.0,1.1113651719927582,0.16201373052794096,1.6925928469420728,0.19612086924350325,0.20525134592200636,0.07796803223061098,1.438662127589568,0.6585031040392161,0.8577111649527446,0.3862782235046246,9.136478834170727,3.314975245607842,1.438662127589568,0.6585031040392161,0.8577111649527446,0.3862782235046246,9.136478834170727,3.314975245607842,11.525703040000007,0.3113937294353416,0.0,0.0,,,,,,,0.0,0.0,,,,,,,,,,,,,,,0.0,0.0,0.0,0.0,ann_homeostasis_chronology,Хронология homeostatic ANN: V2 -> V3 -> V3.1,ann_homeostasis,chronology,ANN frozen homeostatic V2 (frog_lib_ann_frozen_soft_sated_v2),ANN frozen V2,frog_lib_ann_frozen_soft_sated_v2,ANN,ann_homeostasis_frozen,ann_homeostasis,31,,,,
ANN_FROZEN_SOFT_SATED_V2,adult,7,5,89.4,50.693589338298,5.364,3.0416153602978793,1.0,0.0,1.1019999999999999,0.5986117272489739,17.274,8.834898075246823,10.151830959469201,2.4706657090255306,0.19233239128598223,0.009255972258120719,-0.21187967488162282,0.2608433715522909,3.292698861747495,0.8745545004971633,0.0,0.0,12.258558582434635,0.21231477450856143,1886.921061368936,37.51312070712101,1.0,0.0,1.147448233499457,0.09078251670555357,1.6117515338256514,0.07845493284194391,0.1708895400202951,0.06865479623200371,0.6825804468853973,0.43979294170059136,0.9386800149879028,0.48357573249960106,10.976146178640338,5.339733677100503,0.6825804468853973,0.43979294170059136,0.9386800149879028,0.48357573249960106,10.976146178640338,5.339733677100503,12.15243301999999,0.3120199270958015,0.0,0.0,,,,,,,0.0,0.0,,,,,,,,,,,,,,,0.0,0.0,0.0,0.0,ann_homeostasis_chronology,Хронология homeostatic ANN: V2 -> V3 -> V3.1,ann_homeostasis,chronology,ANN frozen homeostatic V2 (frog_lib_ann_frozen_soft_sated_v2),ANN frozen V2,frog_lib_ann_frozen_soft_sated_v2,ANN,ann_homeostasis_frozen,ann_homeostasis,31,,,,
ANN_FROZEN_SOFT_SATED_V2,adult,8,5,70.0,41.376321731154405,4.199999999999999,2.482579303869264,1.0,0.0,0.4640000000000001,0.3530778950883219,38.356,20.99947199336212,9.511473321520919,4.848876006532497,0.18820469658811012,0.009892064320989174,-0.32852218530957,0.2887007443185154,4.41779367578804,1.9620079971143534,0.0,0.0,12.321930610284458,0.13348163624740952,1897.44795855029,23.25325828149066,1.0,0.0,0.9814904244306417,0.08971938958335464,1.6148552334943638,0.1444460090250853,0.23771551784564077,0.12299706285976178,0.7255086648395987,0.35053345970367017,0.7328170855130409,0.39306843713724166,10.015247373427556,2.3848376992872473,0.7255086648395987,0.35053345970367017,0.7328170855130409,0.39306843713724166,10.015247373427556,2.3848376992872473,11.962596819999998,0.1846479229063061,0.0,0.0,,,,,,,0.0,0.0,,,,,,,,,,,,,,,0.0,0.0,0.0,0.0,ann_homeostasis_chronology,Хронология homeostatic ANN: V2 -> V3 -> V3.1,ann_homeostasis,chronology,ANN frozen homeostatic V2 (frog_lib_ann_frozen_soft_sated_v2),ANN frozen V2,frog_lib_ann_frozen_soft_sated_v2,ANN,ann_homeostasis_frozen,ann_homeostasis,31,,,,
ANN_FROZEN_SOFT_SATED_V2,adult,9,5,124.6,58.90534780476217,7.475999999999999,3.5343208682857306,1.0,0.0,1.1640000000000001,0.5924390263984979,27.934000000000005,10.613990013185429,10.81250870821817,4.107939134134682,0.19380865215127177,0.004409044288306119,-0.16245394990211345,0.1198299890322385,2.7587998431368645,0.8655668133400382,0.0,0.0,12.086653006448653,0.2802299291055814,1858.5385378722317,47.781688169931144,1.0,0.0,1.1583259733938287,0.09969609239096344,1.5639839279968857,0.0641464608745412,0.1229610893290167,0.06393531630534957,2.3380169592954405,2.48335456439246,0.6773133967669918,0.27005264972763643,12.068317769422794,2.6867333296573563,2.2615448716074478,2.5127890244328936,0.7008955215164465,0.2961372158941663,12.068317769422794,2.6867333296573563,11.623482199999989,0.42819843034003463,0.0,0.0,,,,,,,0.0,0.0,,,,,,,,,,,,,,,0.0,0.0,0.0,0.0,ann_homeostasis_chronology,Хронология homeostatic ANN: V2 -> V3 -> V3.1,ann_homeostasis,chronology,ANN frozen homeostatic V2 (frog_lib_ann_frozen_soft_sated_v2),ANN frozen V2,frog_lib_ann_frozen_soft_sated_v2,ANN,ann_homeostasis_frozen,ann_homeostasis,31,,,,
ANN_FROZEN_SOFT_SATED_V2,developmental,0,5,106.6,55.45664973652844,6.395999999999999,3.3273989841917064,0.9942200173241987,0.0051208169899189995,0.8880000000000001,0.5763818178950477,34.42,20.16343323940643,9.716531432909497,2.960047643149291,0.18820215399614582,0.01600268973713116,-0.3568892564595107,0.5115764407339392,6.750698862262546,6.080581315271131,0.000347185966034764,0.00017777396452951696,25.73760950668739,0.9879696683504204,3978.6266389588973,155.1634723587427,1.0,0.0,1.1140742567379829,0.185581030586715,2.1311304132783886,0.30513877437078096,0.19951954572847805,0.1990162192956082,0.7588959625610904,0.33542733585024453,1.4657630512686368,1.045002971268331,10.567963237647088,2.055066236675511,0.7588959625610904,0.33542733585024453,1.5105207999538943,1.0044405642022571,10.607897107352153,2.0609498609114096,11.74486625999998,0.27200132097664237,0.01,0.0,,,,,,,0.0,0.0,,,,,,,,,,,,,,,0.0,0.0,0.0,0.0,ann_homeostasis_chronology,Хронология homeostatic ANN: V2 -> V3 -> V3.1,ann_homeostasis,chronology,ANN frozen homeostatic V2 (frog_lib_ann_frozen_soft_sated_v2),ANN frozen V2,frog_lib_ann_frozen_soft_sated_v2,ANN,ann_homeostasis_frozen,ann_homeostasis,31,,,,
ANN_FROZEN_SOFT_SATED_V2,developmental,1,5,141.4,45.649096376598735,8.483999999999998,2.7389457825959247,1.0,0.0,0.984,0.9354913147646,20.178,6.005495483305269,10.632913793908363,2.624526797423482,0.19758322170193085,0.0016664275910469879,-0.06152058031804045,0.04293321222230501,3.5797598194373466,1.0723578899488266,0.0004278619659843012,0.0002302194139539727,25.22072541056378,0.8569381677489672,3898.2837122953324,136.27048113789775,1.0,0.0,1.2112503254647087,0.0171008040342132,1.9519289322900235,0.06966442786029657,0.09512803415387514,0.03636783109818155,5.328596802842011,0.0,1.1867915980592698,0.0837871043170224,11.618202670200649,3.0133994498004086,5.328596802842011,0.0,1.1867915980592698,0.0837871043170224,11.618202670200649,3.0133994498004086,11.862535260000005,0.2787452040957729,0.01,0.0,,,,,,,0.0,0.0,,,,,,,,,,,,,,,0.0,0.0,0.0,0.0,ann_homeostasis_chronology,Хронология homeostatic ANN: V2 -> V3 -> V3.1,ann_homeostasis,chronology,ANN frozen homeostatic V2 (frog_lib_ann_frozen_soft_sated_v2),ANN frozen V2,frog_lib_ann_frozen_soft_sated_v2,ANN,ann_homeostasis_frozen,ann_homeostasis,31,,,,
ANN_FROZEN_SOFT_SATED_V2,developmental,2,5,144.4,46.76152264415692,8.664,2.805691358649415,0.9986842105263157,0.002631578947368407,1.598,0.8869137500343537,48.622,58.73790612543148,12.61847649392453,1.8948265161545659,0.1948011181327695,0.005273235154088228,-0.1372879694282386,0.14214208430726852,3.4777737496552406,0.9265018713232179,0.00037167762758940536,6.970954441819841e-05,25.177799509838856,0.9263661624546471,3892.713786222669,145.33450931476665,1.0,0.0,1.1440569929689925,0.11783315165314381,1.8771857695816485,0.08591013355410397,0.09325283655537961,0.03271040553160421,1.151016543962001,0.816276151118152,1.2924926181355125,0.6446799690749797,13.137925805633675,1.9373953152989407,1.151016543962001,0.816276151118152,1.2924926181355125,0.6446799690749797,13.15539534312768,1.9326563061651199,11.975660819999849,0.31944875659014416,0.01,0.0,,,,,,,0.0,0.0,,,,,,,,,,,,,,,0.0,0.0,0.0,0.0,ann_homeostasis_chronology,Хронология homeostatic ANN: V2 -> V3 -> V3.1,ann_homeostasis,chronology,ANN frozen homeostatic V2 (frog_lib_ann_frozen_soft_sated_v2),ANN frozen V2,frog_lib_ann_frozen_soft_sated_v2,ANN,ann_homeostasis_frozen,ann_homeostasis,31,,,,
ANN_FROZEN_SOFT_SATED_V2,developmental,3,5,171.2,36.81521424628682,10.271999999999998,2.208912854777209,0.9981152993348115,0.00231067236720408,0.86,0.387556447501522,18.77,3.476877909849582,14.62524565230898,2.5852103038649554,0.19725054332414763,0.002621076057161517,-0.07059880174534815,0.06805620267942418,2.9800148767835233,0.4531226519743172,0.0004856990579262055,0.0001078657026333605,24.58305555665091,0.5969319567762696,3796.348153918499,93.70475529729384,1.0,0.0,1.206052771806742,0.07540664527518315,1.9779694199304572,0.06639445592567174,0.07384675613882745,0.014934833412360756,0.5306290902659332,0.5306290902659332,1.13612849466342,0.2438316705933408,12.93373027376803,3.2113085719645467,0.5306290902659332,0.5306290902659332,1.13612849466342,0.2438316705933408,12.965175357781225,3.2473996287547586,12.096753880000051,0.2218101183407113,0.01,0.0,,,,,,,0.0,0.0,,,,,,,,,,,,,,,0.0,0.0,0.0,0.0,ann_homeostasis_chronology,Хронология homeostatic ANN: V2 -> V3 -> V3.1,ann_homeostasis,chronology,ANN frozen homeostatic V2 (frog_lib_ann_frozen_soft_sated_v2),ANN frozen V2,frog_lib_ann_frozen_soft_sated_v2,ANN,ann_homeostasis_frozen,ann_homeostasis,31,,,,
ANN_FROZEN_SOFT_SATED_V2,developmental,4,5,80.2,42.578867998104414,4.811999999999999,2.5547320798862643,1.0,0.0,1.472,0.8390566131078403,112.33800000000001,177.89955507532895,8.07740960526219,3.662942388922271,0.184043308762912,0.015671060163896886,-0.4768048730223976,0.509623748107722,7.152690332429526,4.643601290088949,0.00035820633924832157,8.442051478988807e-05,26.30176424555985,0.8703161549262971,4070.7157545378295,135.70718561037967,1.0,0.0,1.1974278453225262,0.09283333105364469,2.06795200118531,0.2026684401122269,0.21935980961543627,0.16300900072720675,0.7246654155874162,0.6684080202972728,0.612632874782007,0.25046052447203,9.871340608261292,1.8126404389287898,0.7246654155874162,0.6684080202972728,0.612632874782007,0.25046052447203,9.871340608261292,1.8126404389287898,11.61213742,0.32063432703439565,0.01,0.0,,,,,,,0.0,0.0,,,,,,,,,,,,,,,0.0,0.0,0.0,0.0,ann_homeostasis_chronology,Хронология homeostatic ANN: V2 -> V3 -> V3.1,ann_homeostasis,chronology,ANN frozen homeostatic V2 (frog_lib_ann_frozen_soft_sated_v2),ANN frozen V2,frog_lib_ann_frozen_soft_sated_v2,ANN,ann_homeostasis_frozen,ann_homeostasis,31,,,,
ANN_FROZEN_SOFT_SATED_V2,developmental,5,5,139.4,78.7543014698245,8.363999999999999,4.725258088189469,0.9954064987602766,0.00567469266420927,3.07,0.8977304718009743,39.29600000000001,23.089994889562018,10.867861565730388,4.5834521751639175,0.19445623042195728,0.006089481875457979,-0.14769662133590214,0.1645175847144096,4.27664078554652,1.9249509379497485,0.0003353287333935615,0.00014296792333142152,25.207784550960938,1.5094532557896816,3895.6439085500665,236.69613344277425,1.0,0.0,1.1230472348687894,0.10823484804767658,1.9754691667933515,0.10581233759130919,0.11949095354879094,0.06775759824793552,1.8631135622542325,1.915529214289486,1.3227995600059463,0.6132666803553065,11.47130182452817,3.7709412242193387,1.8631135622542325,1.915529214289486,1.3227995600059463,0.6132666803553065,11.516632215673337,3.7538874414992027,11.91872233999984,0.5752735456023064,0.01,0.0,,,,,,,0.0,0.0,,,,,,,,,,,,,,,0.0,0.0,0.0,0.0,ann_homeostasis_chronology,Хронология homeostatic ANN: V2 -> V3 -> V3.1,ann_homeostasis,chronology,ANN frozen homeostatic V2 (frog_lib_ann_frozen_soft_sated_v2),ANN frozen V2,frog_lib_ann_frozen_soft_sated_v2,ANN,ann_homeostasis_frozen,ann_homeostasis,31,,,,
ANN_FROZEN_SOFT_SATED_V2,developmental,6,5,134.0,62.80764284702937,8.04,3.7684585708217617,1.0,0.0,3.004,0.803930345241427,24.028,11.528780334449953,13.042126866901961,4.714459016789819,0.19482020443285594,0.0056170716756606025,-0.13729201281594114,0.15103982182665315,3.889842662223227,1.1498825513611484,0.00044461326074262634,8.556782420789028e-05,25.286699033713322,1.2347194382097328,3906.915198879612,195.9806807681585,1.0,0.0,1.1201226001092082,0.09711881398554738,1.9429064471379285,0.09143559327032337,0.10616691315413904,0.03968064351828382,0.9205155221769642,0.5243719158103994,1.2447324024305149,0.7835529984733659,13.56111883834726,1.0819853116899076,0.9205155221769642,0.5243719158103994,1.2447324024305149,0.7835529984733659,13.56111883834726,1.0819853116899076,11.851288140000179,0.4554041842138163,0.01,0.0,,,,,,,0.0,0.0,,,,,,,,,,,,,,,0.0,0.0,0.0,0.0,ann_homeostasis_chronology,Хронология homeostatic ANN: V2 -> V3 -> V3.1,ann_homeostasis,chronology,ANN frozen homeostatic V2 (frog_lib_ann_frozen_soft_sated_v2),ANN frozen V2,frog_lib_ann_frozen_soft_sated_v2,ANN,ann_homeostasis_frozen,ann_homeostasis,31,,,,
ANN_FROZEN_SOFT_SATED_V2,developmental,7,5,158.0,31.304951684997057,9.48,1.878297101099823,0.9945800176834659,0.00802835197087067,0.998,0.20826905675111707,22.226,4.471423039704475,11.289619719062884,1.9039205998165971,0.19870895139241665,0.0017558830503799096,-0.032882728365481374,0.04490651097326789,3.1109135699097457,0.3440063674343736,0.0002928866187236323,0.00012889568999522753,24.84539692830706,0.5996179073152571,3839.1434748450656,93.49248086336144,1.0,0.0,1.1784399626720763,0.10691874505589774,1.9751142230689862,0.1061861425999179,0.0786537363723761,0.011814029712983091,1.5641293013555233,0.0,3.8385234844698957,2.874707763044131,11.35183293837904,2.694086171962144,1.5641293013555233,0.0,3.8385234844698957,2.874707763044131,11.43438150000765,2.7985443159055117,12.062640640000154,0.2414368428939356,0.01,0.0,,,,,,,0.0,0.0,,,,,,,,,,,,,,,0.0,0.0,0.0,0.0,ann_homeostasis_chronology,Хронология homeostatic ANN: V2 -> V3 -> V3.1,ann_homeostasis,chronology,ANN frozen homeostatic V2 (frog_lib_ann_frozen_soft_sated_v2),ANN frozen V2,frog_lib_ann_frozen_soft_sated_v2,ANN,ann_homeostasis_frozen,ann_homeostasis,31,,,,
ANN_FROZEN_SOFT_SATED_V2,developmental,8,5,142.8,69.8695928140418,8.568,4.192175568842507,0.9988888888888889,0.0022222222222222144,1.2040000000000002,0.7898506187881351,78.75,73.26335318561388,10.21052197331264,4.466072023392098,0.1939786531992724,0.006859878323036019,-0.16179371955196603,0.18629388799635663,3.8737067063260278,1.4145201346603589,0.00039773540590260165,5.824999891980942e-05,25.23317904975834,1.324023989920248,3901.4271123477374,208.35776068027974,1.0,0.0,1.1999328361377792,0.06000484792084674,1.9503953602119348,0.07237136707413755,0.10644224941024683,0.048845961905859686,0.6252426984407546,0.6367004644665877,1.5474071519380013,0.8778955145511909,12.24202713297186,3.809342368828832,0.6252426984407546,0.6367004644665877,1.5474071519380013,0.8778955145511909,12.259523670115561,3.8223643455309286,11.978576960000101,0.42966252724671583,0.01,0.0,,,,,,,0.0,0.0,,,,,,,,,,,,,,,0.0,0.0,0.0,0.0,ann_homeostasis_chronology,Хронология homeostatic ANN: V2 -> V3 -> V3.1,ann_homeostasis,chronology,ANN frozen homeostatic V2 (frog_lib_ann_frozen_soft_sated_v2),ANN frozen V2,frog_lib_ann_frozen_soft_sated_v2,ANN,ann_homeostasis_frozen,ann_homeostasis,31,,,,
ANN_FROZEN_SOFT_SATED_V2,developmental,9,5,126.8,38.73706235635325,7.608,2.3242237413811946,0.9989304812834223,0.002139037433155089,1.1320000000000001,0.2335294413987239,66.33200000000001,79.80087252655825,11.270431317319742,2.375361304571323,0.1957165499976806,0.00455831601755166,-0.11223749483821018,0.12055141414848035,3.783989996637989,0.7279853933855834,0.00038922712912601925,0.00012849269823038826,25.378683934145823,0.7852067327550638,3925.384610244794,120.33767240183779,1.0,0.0,1.1463835202721233,0.1337253743822966,1.9741348941607206,0.10414251000991315,0.10037746271846033,0.024937248470036387,0.2566295979470375,0.36292905792305497,1.6150000700711353,1.152630435044796,11.639150669198235,1.9501463374342063,0.2566295979470375,0.36292905792305497,1.6150000700711353,1.152630435044796,11.652713516039798,1.953806147687833,11.76840286000006,0.2985451128522265,0.01,0.0,,,,,,,0.0,0.0,,,,,,,,,,,,,,,0.0,0.0,0.0,0.0,ann_homeostasis_chronology,Хронология homeostatic ANN: V2 -> V3 -> V3.1,ann_homeostasis,chronology,ANN frozen homeostatic V2 (frog_lib_ann_frozen_soft_sated_v2),ANN frozen V2,frog_lib_ann_frozen_soft_sated_v2,ANN,ann_homeostasis_frozen,ann_homeostasis,31,,,,
ANN_FROZEN_SOFT_SATED_V3,adult,0,5,11.8,3.4871191548325386,0.708,0.20922714928995234,0.9818181818181818,0.036363636363636376,87.976,3.1558301601955705,637.0133333333333,32.653156389883975,0.6538130344054213,0.084353151750937,0.14519124036360145,0.03133568502451441,-2.198535448264492,1.4436948289365676,24.56193892953889,3.030894634421987,0.11912629017785221,0.009306558919268421,12.008619551731078,0.34681133847852186,1853.7905798953284,54.08579732813734,1.0,0.0,10.990961111111112,5.644199080121942,23.66930277777778,8.511645798634936,1.1189012754999978,0.2624645094663141,0.735454055870644,0.6879305654980231,1.2181267454160518,0.37300778019155545,0.0,0.0,0.735454055870644,0.6879305654980231,1.2458820362683867,0.36908779194166963,0.0,0.0,12.292589199999975,0.6206707572543054,0.0,0.0,,,,,,,0.0,0.0,,,,,,,,,,,,,,,0.0,0.0,0.0,0.0,ann_homeostasis_chronology,Хронология homeostatic ANN: V2 -> V3 -> V3.1,ann_homeostasis,chronology,ANN frozen homeostatic V3 (frog_lib_ann_frozen_soft_sated_v3),ANN frozen V3,frog_lib_ann_frozen_soft_sated_v3,ANN,ann_homeostasis_frozen,ann_homeostasis,33,,,,
ANN_FROZEN_SOFT_SATED_V3,adult,1,5,15.4,2.3323807579381204,0.924,0.13994284547628724,1.0,0.0,87.54400000000001,1.7718419794101286,608.9060000000001,12.94477593471592,0.7794074805325331,0.04308682949695241,0.17529596513149442,0.023954972555845642,-0.836524363903416,0.9678865683528433,24.956386161489174,2.06527310478721,0.11577418977994472,0.02719697766359003,11.554719604555565,0.33762112797328986,1778.351519595509,54.17860028743586,1.0,0.0,14.759357531194297,4.182278387237124,35.78490053475936,7.397430411814762,0.8790075727486629,0.12162414465707193,0.2860411899314126,0.0,1.967625281421372,0.574097491817479,0.0,0.0,0.2860411899314126,0.0,1.967625281421372,0.574097491817479,0.0,0.0,13.259389520000013,0.6250398915490187,0.0,0.0,,,,,,,0.0,0.0,,,,,,,,,,,,,,,0.0,0.0,0.0,0.0,ann_homeostasis_chronology,Хронология homeostatic ANN: V2 -> V3 -> V3.1,ann_homeostasis,chronology,ANN frozen homeostatic V3 (frog_lib_ann_frozen_soft_sated_v3),ANN frozen V3,frog_lib_ann_frozen_soft_sated_v3,ANN,ann_homeostasis_frozen,ann_homeostasis,33,,,,
ANN_FROZEN_SOFT_SATED_V3,adult,2,5,10.6,3.826225293941798,0.6359999999999999,0.22957351763650785,1.0,0.0,92.39000000000001,10.073063089249468,716.6666666666666,164.6585155877325,0.6101780731770237,0.16301797616983743,0.1390709162319369,0.03038240326089915,-2.545114847236546,1.6411044274402373,27.070662623720306,8.528166768854424,0.12324698610101965,0.04330614223369176,12.138669194312886,0.19505292344950984,1874.084982141175,31.011013313664336,1.0,0.0,5.825495238095238,1.9679049798235972,21.047352380952383,9.853776002759671,1.3102865892380948,0.45226345044353583,0.30561009752960905,0.06619453180603303,1.1129272145311306,0.36560775166372683,0.0,0.0,0.30561009752960905,0.06619453180603303,1.1129272145311306,0.36560775166372683,0.0,0.0,12.215289200000006,0.5159087602603804,0.0,0.0,,,,,,,0.0,0.0,,,,,,,,,,,,,,,0.0,0.0,0.0,0.0,ann_homeostasis_chronology,Хронология homeostatic ANN: V2 -> V3 -> V3.1,ann_homeostasis,chronology,ANN frozen homeostatic V3 (frog_lib_ann_frozen_soft_sated_v3),ANN frozen V3,frog_lib_ann_frozen_soft_sated_v3,ANN,ann_homeostasis_frozen,ann_homeostasis,33,,,,
ANN_FROZEN_SOFT_SATED_V3,adult,3,5,14.0,2.0976176963403033,0.8399999999999999,0.1258570617804182,1.0,0.0,85.776,1.9159185786457644,697.976,95.05255064436727,0.704456618769088,0.0680024622586913,0.163654379716889,0.02225780826173087,-1.2331882626614334,0.9044791383294907,18.932267006751932,2.800235206687642,0.14860346497903654,0.02327843837986917,12.08142885579189,0.33833058519798836,1862.554447890232,53.13733124031003,1.0,0.0,8.158441666666667,4.437138039823017,21.000587878787876,10.91959327238716,0.8981823727651534,0.10050203536234237,1.1240907313175157,0.15050570528086674,1.318302991218509,0.5751098352260343,0.0,0.0,1.1240907313175157,0.15050570528086674,1.318302991218509,0.5751098352260343,0.0,0.0,12.371168160000025,0.6823731797543214,0.0,0.0,,,,,,,0.0,0.0,,,,,,,,,,,,,,,0.0,0.0,0.0,0.0,ann_homeostasis_chronology,Хронология homeostatic ANN: V2 -> V3 -> V3.1,ann_homeostasis,chronology,ANN frozen homeostatic V3 (frog_lib_ann_frozen_soft_sated_v3),ANN frozen V3,frog_lib_ann_frozen_soft_sated_v3,ANN,ann_homeostasis_frozen,ann_homeostasis,33,,,,
ANN_FROZEN_SOFT_SATED_V3,adult,4,5,15.2,1.1661903789690602,0.9119999999999999,0.06997142273814362,1.0,0.0,90.12,4.021735943594508,607.258,16.934823766428757,0.7707786534523249,0.06275135253696967,0.1747750027561092,0.012373613238852272,-0.7502173750750534,0.4041602055301885,22.833153116017574,4.397392618051039,0.11822618553370408,0.03412142674061819,11.74528768950773,0.31390377806499914,1809.2513897600832,49.29583551593237,1.0,0.0,12.288388273001509,4.931304693679712,32.05864131652661,11.545726748558986,0.8585986796967802,0.05016720458638159,0.5300041222543137,0.5300041222543137,1.7971463528679752,0.5453629215482112,0.0,0.0,0.5300041222543137,0.5300041222543137,1.7971463528679752,0.5453629215482112,0.0,0.0,13.005654420000019,0.602792465391839,0.0,0.0,,,,,,,0.0,0.0,,,,,,,,,,,,,,,0.0,0.0,0.0,0.0,ann_homeostasis_chronology,Хронология homeostatic ANN: V2 -> V3 -> V3.1,ann_homeostasis,chronology,ANN frozen homeostatic V3 (frog_lib_ann_frozen_soft_sated_v3),ANN frozen V3,frog_lib_ann_frozen_soft_sated_v3,ANN,ann_homeostasis_frozen,ann_homeostasis,33,,,,
ANN_FROZEN_SOFT_SATED_V3,adult,5,5,15.8,1.1661903789690602,0.9480000000000001,0.06997142273814363,0.9866666666666667,0.02666666666666666,90.666,3.275854697632361,615.5620000000001,37.67708661773096,0.7894117614464803,0.023041137760503684,0.17983445749585628,0.010209581114101527,-0.5788691972740907,0.3207672416197916,24.349873982527406,4.248804768453027,0.1370943602451604,0.04227688850373028,11.56459209599943,0.3896921802768624,1779.5223834114047,60.89150151989861,1.0,0.0,11.825051470588235,4.3355623243446315,37.228489915966385,10.62178003167718,0.855285155478987,0.034688225534470624,,,2.070118412713998,0.5034070314568081,0.0,0.0,,,2.088092171026874,0.47489270948073886,0.0,0.0,13.479808599999933,0.6204545811672063,0.0,0.0,,,,,,,0.0,0.0,,,,,,,,,,,,,,,0.0,0.0,0.0,0.0,ann_homeostasis_chronology,Хронология homeostatic ANN: V2 -> V3 -> V3.1,ann_homeostasis,chronology,ANN frozen homeostatic V3 (frog_lib_ann_frozen_soft_sated_v3),ANN frozen V3,frog_lib_ann_frozen_soft_sated_v3,ANN,ann_homeostasis_frozen,ann_homeostasis,33,,,,
ANN_FROZEN_SOFT_SATED_V3,adult,6,5,15.8,0.7483314773547883,0.9480000000000001,0.044899888641287335,1.0,0.0,87.076,0.9790321751607552,633.404,44.159241207248996,0.7548438584897053,0.06062866798514601,0.18226575649672797,0.007057917727459598,-0.4947629152786037,0.21363137745561045,21.012866683163804,3.88686299612872,0.13558749623003907,0.02286670682307575,11.800249016923377,0.33065225189778186,1818.4598448715187,52.81211338347917,1.0,0.0,11.078566946778711,4.529342538781291,29.210100980392156,10.786538926005232,0.8195721397647017,0.02738306064194787,1.4556040756911017,0.0,1.7686857483395038,0.4880862767657076,0.0,0.0,1.4556040756911017,0.0,1.7686857483395038,0.4880862767657076,0.0,0.0,12.941429699999935,0.6017255603667888,0.0,0.0,,,,,,,0.0,0.0,,,,,,,,,,,,,,,0.0,0.0,0.0,0.0,ann_homeostasis_chronology,Хронология homeostatic ANN: V2 -> V3 -> V3.1,ann_homeostasis,chronology,ANN frozen homeostatic V3 (frog_lib_ann_frozen_soft_sated_v3),ANN frozen V3,frog_lib_ann_frozen_soft_sated_v3,ANN,ann_homeostasis_frozen,ann_homeostasis,33,,,,
ANN_FROZEN_SOFT_SATED_V3,adult,7,5,14.4,2.5768197453450252,0.8640000000000001,0.1546091847207015,1.0,0.0,90.05199999999999,3.9953843369568354,686.908,125.25683524662438,0.7206329150520955,0.06470263328384046,0.16820568711240105,0.02513500036497467,-1.1006695534835258,1.04671936345066,20.878090613187744,3.1931708509242718,0.14799410319246048,0.025101278227431852,11.956670060144294,0.377650369488693,1843.6927279590504,59.60425356170941,1.0,0.0,10.497465271493212,5.2587920566725215,26.246761538461538,10.293424410620947,0.9088573256527098,0.15386436145204208,0.9909913067902747,0.7582798302358753,1.5978077070872292,0.6036063973525072,0.0,0.0,0.9909913067902747,0.7582798302358753,1.5978077070872292,0.6036063973525072,0.0,0.0,12.708095379999941,0.6681410664654915,0.0,0.0,,,,,,,0.0,0.0,,,,,,,,,,,,,,,0.0,0.0,0.0,0.0,ann_homeostasis_chronology,Хронология homeostatic ANN: V2 -> V3 -> V3.1,ann_homeostasis,chronology,ANN frozen homeostatic V3 (frog_lib_ann_frozen_soft_sated_v3),ANN frozen V3,frog_lib_ann_frozen_soft_sated_v3,ANN,ann_homeostasis_frozen,ann_homeostasis,33,,,,
ANN_FROZEN_SOFT_SATED_V3,adult,8,5,15.8,0.4,0.9480000000000001,0.02400000000000002,1.0,0.0,86.77000000000001,1.497210740009565,614.1479999999999,17.738269814161693,0.7824577473793651,0.024517885851825787,0.18134941764359044,0.004447020583993927,-0.5176512849274546,0.14006716463658506,22.54954426193646,1.2092846080669282,0.13633677770611466,0.02211915673969009,11.707952380996758,0.10198939772667488,1803.6931258836605,15.33133967556785,1.0,0.0,11.631591666666667,3.542428148373498,31.868741666666665,3.1983465618104066,0.8378072104166723,0.020147727874034706,3.890051049407034,2.3926714636820754,1.8018210780266728,0.15771192091121433,0.0,0.0,3.890051049407034,2.3926714636820754,1.8018210780266728,0.15771192091121433,0.0,0.0,13.230582680000088,0.19134780157561773,0.0,0.0,,,,,,,0.0,0.0,,,,,,,,,,,,,,,0.0,0.0,0.0,0.0,ann_homeostasis_chronology,Хронология homeostatic ANN: V2 -> V3 -> V3.1,ann_homeostasis,chronology,ANN frozen homeostatic V3 (frog_lib_ann_frozen_soft_sated_v3),ANN frozen V3,frog_lib_ann_frozen_soft_sated_v3,ANN,ann_homeostasis_frozen,ann_homeostasis,33,,,,
ANN_FROZEN_SOFT_SATED_V3,adult,9,5,15.6,1.7435595774162693,0.9359999999999999,0.1046135746449762,1.0,0.0,94.45,15.238683670186218,640.618,61.06892938311592,0.7678887460635518,0.03706297611246613,0.17767786319768153,0.016822059354456992,-0.6813001402475983,0.5613668134918632,24.20734570694657,4.307678509358793,0.12588446762162891,0.042212563722524146,11.557823872334065,0.43289113509776006,1779.477951688824,70.39117565403907,1.0,0.0,12.235054945054944,6.072709061572042,34.28268325791855,11.467235013059648,0.849300637453131,0.060879577972437045,3.844921499519129,0.0,1.8355300621895931,0.5255164746178211,0.0,0.0,3.844921499519129,0.0,1.8355300621895931,0.5255164746178211,0.0,0.0,13.148633419999943,0.6934571893167868,0.0,0.0,,,,,,,0.0,0.0,,,,,,,,,,,,,,,0.0,0.0,0.0,0.0,ann_homeostasis_chronology,Хронология homeostatic ANN: V2 -> V3 -> V3.1,ann_homeostasis,chronology,ANN frozen homeostatic V3 (frog_lib_ann_frozen_soft_sated_v3),ANN frozen V3,frog_lib_ann_frozen_soft_sated_v3,ANN,ann_homeostasis_frozen,ann_homeostasis,33,,,,
ANN_FROZEN_SOFT_SATED_V3,developmental,0,5,15.2,2.227105745132009,0.9119999999999999,0.13362634470792056,1.0,0.0,88.414,2.3128908318379393,618.618,42.88074784795619,0.7775169818320092,0.04055637633309835,0.17236162306459762,0.022881911059586344,-0.9253060184977693,0.9341019814980749,28.471127136958483,3.9747191442271492,0.04535908289485285,0.005567155682082067,25.534711450117644,1.0417962306360853,3948.6862334687803,159.34120320987168,1.0,0.0,5.924395766488414,1.8574909122302323,29.56434893048128,10.150304214015318,0.8685485276528496,0.11797180742002275,0.29890898221497153,0.0,1.7227676642883551,0.45089237775604246,0.0,0.0,0.29890898221497153,0.0,1.7227676642883551,0.45089237775604246,0.0,0.0,12.947225939999953,0.6406403011707181,0.01,0.0,,,,,,,0.0,0.0,,,,,,,,,,,,,,,0.0,0.0,0.0,0.0,ann_homeostasis_chronology,Хронология homeostatic ANN: V2 -> V3 -> V3.1,ann_homeostasis,chronology,ANN frozen homeostatic V3 (frog_lib_ann_frozen_soft_sated_v3),ANN frozen V3,frog_lib_ann_frozen_soft_sated_v3,ANN,ann_homeostasis_frozen,ann_homeostasis,33,,,,
ANN_FROZEN_SOFT_SATED_V3,developmental,1,5,12.6,2.4166091947189146,0.756,0.14499655168313488,1.0,0.0,94.088,8.431771818544426,721.4449999999999,62.77287849860003,0.6456488697427376,0.1369867891181521,0.1500684309397962,0.020255894822029517,-1.7792092731754305,0.8609414620820738,31.965553446942767,6.425328459602365,0.040267869491935164,0.00879841343480508,26.325780002865297,0.864210562189042,4071.6020611125978,132.86978415506118,1.0,0.0,4.789428196803197,3.123995724406055,22.6650444000444,13.634328671840937,1.0137859286517759,0.2036528587328488,0.8771902260537097,0.5817293358552881,1.080547083092316,0.350216212771258,0.0,0.0,0.8771902260537097,0.5817293358552881,1.080547083092316,0.350216212771258,0.0,0.0,12.28326130000014,0.48543605758781394,0.01,0.0,,,,,,,0.0,0.0,,,,,,,,,,,,,,,0.0,0.0,0.0,0.0,ann_homeostasis_chronology,Хронология homeostatic ANN: V2 -> V3 -> V3.1,ann_homeostasis,chronology,ANN frozen homeostatic V3 (frog_lib_ann_frozen_soft_sated_v3),ANN frozen V3,frog_lib_ann_frozen_soft_sated_v3,ANN,ann_homeostasis_frozen,ann_homeostasis,33,,,,
ANN_FROZEN_SOFT_SATED_V3,developmental,2,5,15.2,1.469693845669907,0.9119999999999999,0.08818163074019444,1.0,0.0,119.49600000000001,44.951844278071626,610.5,28.45098451723596,0.7402719202926185,0.09516620836695326,0.1719753541661468,0.01513537073522606,-0.8615735337844374,0.5331012395440196,27.338707694495007,2.7954217276728137,0.04622779815199766,0.009534632083200763,25.73431775228381,1.3036413584619992,3979.9091814579706,200.58077273609945,1.0,0.0,4.635444570135747,2.76390779596015,25.857038542340014,14.484567239459318,0.937503403722517,0.1860257270096532,0.9147984263905458,0.36215957587944975,1.4737942744673251,0.38956361846979554,0.0,0.0,0.9147984263905458,0.36215957587944975,1.4737942744673251,0.38956361846979554,0.0,0.0,14.249382519999836,3.260659478332365,0.01,0.0,,,,,,,0.0,0.0,,,,,,,,,,,,,,,0.0,0.0,0.0,0.0,ann_homeostasis_chronology,Хронология homeostatic ANN: V2 -> V3 -> V3.1,ann_homeostasis,chronology,ANN frozen homeostatic V3 (frog_lib_ann_frozen_soft_sated_v3),ANN frozen V3,frog_lib_ann_frozen_soft_sated_v3,ANN,ann_homeostasis_frozen,ann_homeostasis,33,,,,
ANN_FROZEN_SOFT_SATED_V3,developmental,3,5,15.4,1.624807680927192,0.924,0.09748846085563156,1.0,0.0,91.194,2.278864629590798,615.6659999999999,45.96695621857076,0.7849662554126333,0.025396481589580647,0.17258334579836038,0.0172857571536022,-0.8558373586888826,0.6154381410305367,29.9931936187126,1.965638422778229,0.03844921596572301,0.004814202789579483,24.786557519140867,0.6265130750173812,3836.453502143903,92.98579894207279,1.0,0.0,6.643393907563025,1.2760871972122265,35.879307288299934,5.795052379466767,0.8771368509962741,0.07509956807071602,1.2060421816707443,0.02447463539245076,1.6601707367056977,0.37581300207053314,0.0,0.0,1.2060421816707443,0.02447463539245076,1.6601707367056977,0.37581300207053314,0.0,0.0,13.387036579999858,0.36513265172010223,0.01,0.0,,,,,,,0.0,0.0,,,,,,,,,,,,,,,0.0,0.0,0.0,0.0,ann_homeostasis_chronology,Хронология homeostatic ANN: V2 -> V3 -> V3.1,ann_homeostasis,chronology,ANN frozen homeostatic V3 (frog_lib_ann_frozen_soft_sated_v3),ANN frozen V3,frog_lib_ann_frozen_soft_sated_v3,ANN,ann_homeostasis_frozen,ann_homeostasis,33,,,,
ANN_FROZEN_SOFT_SATED_V3,developmental,4,5,13.6,3.3823069050575527,0.8160000000000001,0.20293841430345316,1.0,0.0,89.488,3.683484220137237,665.115,108.82712586942652,0.7472542907227797,0.06184834689439794,0.1586530229335696,0.029910392934662806,-1.553080661868612,1.3284289534033547,33.946090430345194,6.683978751269322,0.037363183159860834,0.0038425406073803914,25.172168117980227,0.831274642678861,3895.2264821318036,127.26414252663955,1.0,0.0,6.98836160130719,1.2104214810673226,32.94061683006536,4.582819634788778,1.008747303495096,0.24047310536375102,0.17382738940240858,0.17382738940240858,1.595630314280827,0.3669837907059742,0.0,0.0,0.17382738940240858,0.17382738940240858,1.595630314280827,0.3669837907059742,0.0,0.0,12.911040979999962,0.5538468824244956,0.01,0.0,,,,,,,0.0,0.0,,,,,,,,,,,,,,,0.0,0.0,0.0,0.0,ann_homeostasis_chronology,Хронология homeostatic ANN: V2 -> V3 -> V3.1,ann_homeostasis,chronology,ANN frozen homeostatic V3 (frog_lib_ann_frozen_soft_sated_v3),ANN frozen V3,frog_lib_ann_frozen_soft_sated_v3,ANN,ann_homeostasis_frozen,ann_homeostasis,33,,,,
ANN_FROZEN_SOFT_SATED_V3,developmental,5,5,16.8,0.4,1.008,0.02400000000000002,1.0,0.0,91.976,2.7508442340488806,613.2760000000001,24.40859078275513,0.7914976313993115,0.034811031208564686,0.18880787903286772,0.0033126448520414786,-0.29804380786828133,0.09432458058498332,26.667059652204536,2.4493587632359106,0.04658590201862437,0.006819399719876378,25.067737397017773,0.9918862228063077,3877.1024965547294,151.6569423117956,0.9882352941176471,0.02352941176470589,7.531477941176471,2.5837794449100038,34.13688235294118,10.544240517128058,0.803878239779411,0.02014519254005381,,,2.0526779885736657,0.3777260509683869,0.0,0.0,,,2.0526779885736657,0.3777260509683869,0.0,0.0,13.508627239999987,0.5559940463631535,0.01,0.0,,,,,,,0.0,0.0,,,,,,,,,,,,,,,0.0,0.0,0.0,0.0,ann_homeostasis_chronology,Хронология homeostatic ANN: V2 -> V3 -> V3.1,ann_homeostasis,chronology,ANN frozen homeostatic V3 (frog_lib_ann_frozen_soft_sated_v3),ANN frozen V3,frog_lib_ann_frozen_soft_sated_v3,ANN,ann_homeostasis_frozen,ann_homeostasis,33,,,,
ANN_FROZEN_SOFT_SATED_V3,developmental,6,5,15.2,2.6381811916545836,0.9119999999999999,0.15829087149927504,1.0,0.0,89.98400000000001,2.5593483545621556,699.434,149.41096353347032,0.6811433336181513,0.22278996652353067,0.18172120253445018,0.008044611615789597,-0.5140463761191889,0.25117194544212146,29.084539457075284,3.7928778355834214,0.04167778463048154,0.004234890467087969,25.351169750604065,1.345246186345121,3919.204196970407,202.89150058564664,1.0,0.0,5.492023529411765,3.176209662402216,30.08623676470588,14.502147445722146,0.885337137294113,0.14793035168614607,1.5049125663332064,0.9252210910180099,1.7897686704066342,0.633489306101616,0.0,0.0,1.5049125663332064,0.9252210910180099,1.7897686704066342,0.633489306101616,0.0,0.0,13.077623199999925,0.8475706622213046,0.01,0.0,,,,,,,0.0,0.0,,,,,,,,,,,,,,,0.0,0.0,0.0,0.0,ann_homeostasis_chronology,Хронология homeostatic ANN: V2 -> V3 -> V3.1,ann_homeostasis,chronology,ANN frozen homeostatic V3 (frog_lib_ann_frozen_soft_sated_v3),ANN frozen V3,frog_lib_ann_frozen_soft_sated_v3,ANN,ann_homeostasis_frozen,ann_homeostasis,33,,,,
ANN_FROZEN_SOFT_SATED_V3,developmental,7,5,16.2,0.7483314773547883,0.9719999999999999,0.044899888641287335,0.9888888888888889,0.022222222222222233,89.56,2.4349127294422703,603.7560000000001,18.902255526788338,0.788006008224681,0.03611664125828944,0.18207812641439575,0.007918281379875505,-0.5028806640640415,0.24698029203559058,27.693296717761182,1.7677830846467204,0.041983105342444225,0.0024426609051809442,25.037819151064575,0.6525251858627128,3875.355757226435,100.51038604402243,1.0,0.0,7.891407843137254,1.2101581438506808,30.98780539215686,7.297815208731578,0.8214566367794088,0.03408522232025695,,,1.752721935038161,0.3178202807387002,0.0,0.0,,,1.7759651364017768,0.3369493558138052,0.0,0.0,13.288571799999954,0.4201806197816979,0.01,0.0,,,,,,,0.0,0.0,,,,,,,,,,,,,,,0.0,0.0,0.0,0.0,ann_homeostasis_chronology,Хронология homeostatic ANN: V2 -> V3 -> V3.1,ann_homeostasis,chronology,ANN frozen homeostatic V3 (frog_lib_ann_frozen_soft_sated_v3),ANN frozen V3,frog_lib_ann_frozen_soft_sated_v3,ANN,ann_homeostasis_frozen,ann_homeostasis,33,,,,
ANN_FROZEN_SOFT_SATED_V3,developmental,8,5,13.8,3.54400902933387,0.828,0.2126405417600322,1.0,0.0,89.914,1.0844279598018458,711.365,115.21470533313013,0.6812158911489793,0.1060454182020038,0.16639094646921607,0.02871237913679622,-1.2498853518968474,1.3977819426830285,33.62501007833509,12.970308018364214,0.04020135798357762,0.006109699097442259,25.662472477652706,0.7851938765087514,3969.1519997428477,117.85336123041533,1.0,0.0,5.925494047619047,3.104465578070591,31.259421708683476,12.870909051114811,1.0179449162724155,0.3704054949239482,0.7680105436189963,0.46289212254142564,1.5013901144900552,0.3368015517511069,0.0,0.0,0.7680105436189963,0.46289212254142564,1.5013901144900552,0.3368015517511069,0.0,0.0,12.76131576000007,0.5812612793456906,0.01,0.0,,,,,,,0.0,0.0,,,,,,,,,,,,,,,0.0,0.0,0.0,0.0,ann_homeostasis_chronology,Хронология homeostatic ANN: V2 -> V3 -> V3.1,ann_homeostasis,chronology,ANN frozen homeostatic V3 (frog_lib_ann_frozen_soft_sated_v3),ANN frozen V3,frog_lib_ann_frozen_soft_sated_v3,ANN,ann_homeostasis_frozen,ann_homeostasis,33,,,,
ANN_FROZEN_SOFT_SATED_V3,developmental,9,5,16.4,0.4898979485566356,0.984,0.029393876913398162,1.0,0.0,90.22,1.4973710295047156,608.4739999999999,27.91317509707559,0.7844141958970259,0.02845359250346934,0.18544942129183778,0.004677840754674812,-0.39571889255517745,0.13531511332259816,25.668587958416346,1.8652501503328731,0.04589000112844819,0.006216297869430933,25.632957709687865,0.750732259964005,3967.456946766957,114.10004384884947,1.0,0.0,6.316588725490196,2.4655468248741226,24.93810294117647,7.899952930448942,0.7895309115441214,0.018972138414241776,1.3097576948264726,0.0,1.7625097999209232,0.26751993750068026,0.0,0.0,1.3097576948264726,0.0,1.7625097999209232,0.26751993750068026,0.0,0.0,12.947147660000065,0.460513202965722,0.01,0.0,,,,,,,0.0,0.0,,,,,,,,,,,,,,,0.0,0.0,0.0,0.0,ann_homeostasis_chronology,Хронология homeostatic ANN: V2 -> V3 -> V3.1,ann_homeostasis,chronology,ANN frozen homeostatic V3 (frog_lib_ann_frozen_soft_sated_v3),ANN frozen V3,frog_lib_ann_frozen_soft_sated_v3,ANN,ann_homeostasis_frozen,ann_homeostasis,33,,,,
ANN_FROZEN_SOFT_SATED_V3_1,adult,0,5,17.6,3.9293765408777,1.0559999999999998,0.235762592452662,1.0,0.0,1.65,0.9644687656943588,248.02800000000002,117.35402326294572,2.2541062897324506,0.39068369556410243,0.16043430703561956,0.020112324655464604,-1.3443732702219235,0.8930813396213644,10.93635622288527,4.6404608174490045,0.23254113699477758,0.03177706087553598,12.56516625874112,0.0626982412269518,1938.7894656689434,11.376259406339894,1.0,0.0,1.1190362229102166,0.04710154024655811,4.462690643274854,0.9455101829188384,0.7075944648822007,0.2292927386052944,0.5020162003121209,0.3297006054921137,0.7508291000700559,0.3906545907131649,2.151867158322363,0.6911003166128853,0.5020162003121209,0.3297006054921137,0.7508291000700559,0.3906545907131649,2.151867158322363,0.6911003166128853,11.559928619999937,0.14568686039810946,0.0,0.0,,,,,,,0.0,0.0,,,,,,,,,,,,,,,0.0,0.0,0.0,0.0,ann_homeostasis_chronology,Хронология homeostatic ANN: V2 -> V3 -> V3.1,ann_homeostasis,chronology,ANN frozen homeostatic V3.1 (frog_lib_ann_frozen_soft_sated_v3_1),ANN frozen V3.1,frog_lib_ann_frozen_soft_sated_v3_1,ANN,ann_homeostasis_frozen,ann_homeostasis,35,,,,
ANN_FROZEN_SOFT_SATED_V3_1,adult,1,5,21.0,5.291502622129181,1.26,0.3174901573277508,0.990909090909091,0.018181818181818167,1.348,0.9936276968764509,240.404,51.1933646481651,2.4296585727205326,0.3861965384028246,0.16759246937970285,0.020615337621571108,-1.0596512788031718,0.7566706948730858,8.537688202522869,2.0484930337803644,0.2494924432975103,0.010902014394201276,12.597104614681855,0.018815976245309368,1944.0435575110853,5.183396631096495,1.0,0.0,1.1524068686868687,0.1717611018476167,3.8161290043290044,0.4360419692097475,0.5935946965829805,0.14224423097533298,0.7714744698438329,0.6118588133513776,0.9113746624550858,0.22590892566401377,2.02216418346433,0.5951204759994376,0.8298629478508515,0.6326089278693726,0.9113746624550858,0.22590892566401377,2.02216418346433,0.5951204759994376,11.74042782000015,0.12564219151325443,0.0,0.0,,,,,,,0.0,0.0,,,,,,,,,,,,,,,0.0,0.0,0.0,0.0,ann_homeostasis_chronology,Хронология homeostatic ANN: V2 -> V3 -> V3.1,ann_homeostasis,chronology,ANN frozen homeostatic V3.1 (frog_lib_ann_frozen_soft_sated_v3_1),ANN frozen V3.1,frog_lib_ann_frozen_soft_sated_v3_1,ANN,ann_homeostasis_frozen,ann_homeostasis,35,,,,
ANN_FROZEN_SOFT_SATED_V3_1,adult,2,5,20.2,6.368673331236263,1.212,0.3821203998741758,1.0,0.0,0.45,0.31317726609701413,424.68,306.72191933410954,2.488100577407726,1.0151896237228741,0.16317111242624022,0.01075505965584018,-1.156793740630657,0.42932388918899855,9.323298490804195,2.7992264560375193,0.20870718605859637,0.036680105682994645,12.57099287628551,0.03986201521675936,1939.0779269757263,5.357497115416153,1.0,0.0,1.098359649122807,0.4769672298100187,3.613975042735043,1.461704384620408,0.6289716207316219,0.18176159133922018,0.7623133603804273,0.3120374202626111,0.701429590047637,0.14504447837443948,2.42525053537195,1.1930439606757794,0.7623133603804273,0.3120374202626111,0.6709781474105256,0.10875994883861223,2.3936649384041506,1.192026205261711,11.580855239999982,0.2148636068016898,0.0,0.0,,,,,,,0.0,0.0,,,,,,,,,,,,,,,0.0,0.0,0.0,0.0,ann_homeostasis_chronology,Хронология homeostatic ANN: V2 -> V3 -> V3.1,ann_homeostasis,chronology,ANN frozen homeostatic V3.1 (frog_lib_ann_frozen_soft_sated_v3_1),ANN frozen V3.1,frog_lib_ann_frozen_soft_sated_v3_1,ANN,ann_homeostasis_frozen,ann_homeostasis,35,,,,
ANN_FROZEN_SOFT_SATED_V3_1,adult,3,5,16.4,6.374950980203691,0.984,0.38249705881222146,1.0,0.0,1.6900000000000002,0.9721933963980625,293.875,238.90704274884826,2.046636223829758,0.9248004062038739,0.14493451497603177,0.020696588063146698,-2.0678070130329256,1.1829314720798731,13.095708200933675,7.740641215999772,0.24495343841810452,0.05500125928251474,12.591592725049642,0.05556184603594599,1943.7552561135653,7.980203866475806,1.0,0.0,1.298222619047619,0.2994392004145382,5.005803734671126,1.7716835771858535,0.8623812374411486,0.4079539425060481,0.49857939817177,0.7228429658767486,0.6255029876282381,0.32800073120325013,1.9687837733655376,0.7937744240831061,0.49857939817177,0.7228429658767486,0.6255029876282381,0.32800073120325013,1.9687837733655376,0.7937744240831061,11.697555979999924,0.2797610698236331,0.0,0.0,,,,,,,0.0,0.0,,,,,,,,,,,,,,,0.0,0.0,0.0,0.0,ann_homeostasis_chronology,Хронология homeostatic ANN: V2 -> V3 -> V3.1,ann_homeostasis,chronology,ANN frozen homeostatic V3.1 (frog_lib_ann_frozen_soft_sated_v3_1),ANN frozen V3.1,frog_lib_ann_frozen_soft_sated_v3_1,ANN,ann_homeostasis_frozen,ann_homeostasis,35,,,,
ANN_FROZEN_SOFT_SATED_V3_1,adult,4,5,25.0,7.3484692283495345,1.5,0.44090815370097214,1.0,0.0,1.2520000000000002,0.5941178334303727,171.87,113.4740953698244,2.8806040126711605,0.8732784314879533,0.1729764015138253,0.012042394535203522,-0.8095066311840077,0.40790664700144685,7.465043010378935,1.718178169693103,0.24984158823045513,0.005039323130425261,12.566163264904652,0.04624488681299116,1940.070641437101,7.3807215599204605,1.0,0.0,1.1861679487179486,0.30397294007390346,4.421693498452012,1.9588285088414468,0.5079741022600656,0.1249720987815196,0.9592044981607637,0.16847480927285668,0.8685469422041597,0.5295289363705171,2.327204544351076,0.40879374820125886,0.9592044981607637,0.16847480927285668,0.8685469422041597,0.5295289363705171,2.327204544351076,0.40879374820125886,11.783166140000048,0.2920096028556847,0.0,0.0,,,,,,,0.0,0.0,,,,,,,,,,,,,,,0.0,0.0,0.0,0.0,ann_homeostasis_chronology,Хронология homeostatic ANN: V2 -> V3 -> V3.1,ann_homeostasis,chronology,ANN frozen homeostatic V3.1 (frog_lib_ann_frozen_soft_sated_v3_1),ANN frozen V3.1,frog_lib_ann_frozen_soft_sated_v3_1,ANN,ann_homeostasis_frozen,ann_homeostasis,35,,,,
ANN_FROZEN_SOFT_SATED_V3_1,adult,5,5,18.4,5.535341001239219,1.1039999999999999,0.33212046007435314,1.0,0.0,20.072,15.50499068042287,382.595,195.7812093256143,1.636115927232185,0.4997290073732755,0.16562429972789777,0.024835313598867044,-1.2029226065592746,1.1098305379772486,10.331521618933689,4.340765347626845,0.2438459285364316,0.04357230378332271,12.584670417372626,0.04919610487474831,1942.9213917199056,6.509621918199403,1.0,0.0,1.397500292397661,0.31029748559244624,5.057708180708181,0.8899253056457636,0.7207792457875379,0.2819958457196995,0.824538559463721,0.7605585946342939,0.9729671931045489,0.4402552404368655,1.4200411650054205,0.3235415569177824,0.824538559463721,0.7605585946342939,0.9729671931045489,0.4402552404368655,1.4200411650054205,0.3235415569177824,11.784633439999926,0.31319425835836046,0.0,0.0,,,,,,,0.0,0.0,,,,,,,,,,,,,,,0.0,0.0,0.0,0.0,ann_homeostasis_chronology,Хронология homeostatic ANN: V2 -> V3 -> V3.1,ann_homeostasis,chronology,ANN frozen homeostatic V3.1 (frog_lib_ann_frozen_soft_sated_v3_1),ANN frozen V3.1,frog_lib_ann_frozen_soft_sated_v3_1,ANN,ann_homeostasis_frozen,ann_homeostasis,35,,,,
ANN_FROZEN_SOFT_SATED_V3_1,adult,6,5,13.2,2.9257477676655586,0.792,0.17554486605993352,1.0,0.0,20.188,11.312275456335033,495.986,241.25796953468708,1.349192918829544,0.29480072013322656,0.14455628750165656,0.0208002323273603,-2.053197819828615,0.9457313558072579,13.361726383311595,3.099556449804153,0.22450993700347213,0.02683194731397912,12.593194728933074,0.035551322011242135,1944.8396515553086,5.093621421604455,1.0,0.0,1.1979897631779985,0.3255971806158279,5.533653280542986,2.09727281477412,0.9248368923914019,0.20085536831177067,0.28478885686972627,0.34580632461928457,0.7206277237989289,0.43956725499682114,1.628922347594192,0.7179598501058688,0.28478885686972627,0.34580632461928457,0.7206277237989289,0.43956725499682114,1.628922347594192,0.7179598501058688,11.627756219999991,0.2197713314329289,0.0,0.0,,,,,,,0.0,0.0,,,,,,,,,,,,,,,0.0,0.0,0.0,0.0,ann_homeostasis_chronology,Хронология homeostatic ANN: V2 -> V3 -> V3.1,ann_homeostasis,chronology,ANN frozen homeostatic V3.1 (frog_lib_ann_frozen_soft_sated_v3_1),ANN frozen V3.1,frog_lib_ann_frozen_soft_sated_v3_1,ANN,ann_homeostasis_frozen,ann_homeostasis,35,,,,
ANN_FROZEN_SOFT_SATED_V3_1,adult,7,5,22.8,2.6381811916545836,1.3679999999999999,0.15829087149927504,1.0,0.0,1.5879999999999999,0.5920270264101125,88.51,54.32632326966367,3.0196685610007856,0.5660311820170743,0.16697952053845927,0.014471128240152537,-1.031499285827775,0.49475027244601555,7.479242734309919,0.8755460191049962,0.25170290559692055,0.007893445068662323,12.591026002035111,0.020139993401532635,1942.9322608841198,2.662928477462064,1.0,0.0,1.293789898989899,0.1966470426882149,3.824903288740246,0.8263477346663276,0.5263476872556678,0.06487110504179562,0.5922136416470347,0.3757786359714238,0.8872944010925933,0.27403668371477163,2.460960728860645,0.5646442528535093,0.5922136416470347,0.3757786359714238,0.8872944010925933,0.27403668371477163,2.460960728860645,0.5646442528535093,11.830554260000008,0.12930923965944574,0.0,0.0,,,,,,,0.0,0.0,,,,,,,,,,,,,,,0.0,0.0,0.0,0.0,ann_homeostasis_chronology,Хронология homeostatic ANN: V2 -> V3 -> V3.1,ann_homeostasis,chronology,ANN frozen homeostatic V3.1 (frog_lib_ann_frozen_soft_sated_v3_1),ANN frozen V3.1,frog_lib_ann_frozen_soft_sated_v3_1,ANN,ann_homeostasis_frozen,ann_homeostasis,35,,,,
ANN_FROZEN_SOFT_SATED_V3_1,adult,8,5,20.0,3.0983866769659336,1.2,0.185903200617956,1.0,0.0,1.012,0.528825112868139,272.146,101.52583013204078,2.481452140983379,0.4427041840269051,0.16286482447166423,0.012350727362757632,-1.1764794881647362,0.48190889380448165,8.394619232883468,1.3803265549222796,0.26722183090234397,0.009680928787043542,12.603144230300586,0.019466455310855495,1944.3387584339573,3.9002761223815647,1.0,0.0,0.9755270562770564,0.15598055063373767,4.430193788819876,1.92652811874637,0.6002632948875108,0.10508986406855354,1.4425162821825104,1.5760573882125726,0.776766584111207,0.11994478079356571,2.15586008316062,0.4984701116260865,1.4425162821825104,1.5760573882125726,0.776766584111207,0.11994478079356571,2.15586008316062,0.4984701116260865,11.682110660000035,0.162353181087037,0.0,0.0,,,,,,,0.0,0.0,,,,,,,,,,,,,,,0.0,0.0,0.0,0.0,ann_homeostasis_chronology,Хронология homeostatic ANN: V2 -> V3 -> V3.1,ann_homeostasis,chronology,ANN frozen homeostatic V3.1 (frog_lib_ann_frozen_soft_sated_v3_1),ANN frozen V3.1,frog_lib_ann_frozen_soft_sated_v3_1,ANN,ann_homeostasis_frozen,ann_homeostasis,35,,,,
ANN_FROZEN_SOFT_SATED_V3_1,adult,9,5,20.4,6.151422599691879,1.2239999999999998,0.3690853559815127,1.0,0.0,1.27,0.6268333111761053,252.97400000000002,164.47437132878787,2.5244598544494243,0.9398785486093565,0.16456657460906632,0.0206361379519851,-1.1754137924021113,0.7902267130748015,8.818982824980376,2.3181691977889995,0.2660511216929765,0.00939655115596631,12.59972950632229,0.024867286190208185,1944.3252654012654,3.769507502024462,1.0,0.0,1.2773999856352798,0.22211088478437466,3.797860533296105,0.9615891551577741,0.6290551656211472,0.1780003170558204,2.3405059162927846,3.136099263501726,0.992615202973249,0.2870808141212953,1.6865878619453447,0.4637428838844531,2.3405059162927846,3.136099263501726,0.992615202973249,0.2870808141212953,1.6865878619453447,0.4637428838844531,11.750415299999986,0.15892388039335717,0.0,0.0,,,,,,,0.0,0.0,,,,,,,,,,,,,,,0.0,0.0,0.0,0.0,ann_homeostasis_chronology,Хронология homeostatic ANN: V2 -> V3 -> V3.1,ann_homeostasis,chronology,ANN frozen homeostatic V3.1 (frog_lib_ann_frozen_soft_sated_v3_1),ANN frozen V3.1,frog_lib_ann_frozen_soft_sated_v3_1,ANN,ann_homeostasis_frozen,ann_homeostasis,35,,,,
ANN_FROZEN_SOFT_SATED_V3_1,developmental,0,5,17.6,5.885575587824865,1.0559999999999998,0.3531345352694919,1.0,0.0,2.3280000000000003,1.3413038432808577,237.558,80.7076349300362,2.250920360339412,0.2610444527987679,0.1517506164151576,0.02116319548459498,-1.7032742810289954,0.8174546153860647,20.87483284730299,5.649496454733448,0.05768858330802118,0.0024435974346454707,27.55890293127751,0.10842579858041257,4261.658205402702,16.531746787521477,1.0,0.0,1.6374965967365966,0.49566178365487557,5.915224175824176,1.5645802687950263,0.7255372929523792,0.20059998485405608,0.49095763307133683,0.5570315825384179,0.7247230869490927,0.35444427802774225,2.065306617168997,0.3464863688102512,0.49095763307133683,0.5570315825384179,0.7247230869490927,0.35444427802774225,2.065306617168997,0.3464863688102512,11.61524159999999,0.14895823493073954,0.01,0.0,,,,,,,0.0,0.0,,,,,,,,,,,,,,,0.0,0.0,0.0,0.0,ann_homeostasis_chronology,Хронология homeostatic ANN: V2 -> V3 -> V3.1,ann_homeostasis,chronology,ANN frozen homeostatic V3.1 (frog_lib_ann_frozen_soft_sated_v3_1),ANN frozen V3.1,frog_lib_ann_frozen_soft_sated_v3_1,ANN,ann_homeostasis_frozen,ann_homeostasis,35,,,,
ANN_FROZEN_SOFT_SATED_V3_1,developmental,1,5,17.0,5.215361924162119,1.02,0.3129217154497271,0.9913043478260869,0.017391304347826077,2.0620000000000003,1.321263032102238,377.546,133.92942911847268,1.7972270024428163,0.30232447931967665,0.15611723033065822,0.025614646962728554,-1.5797173171038745,1.066951544732545,22.105745536727483,7.808094502242481,0.05999282071008224,0.005364958206163851,27.47551369079456,0.07825798305888956,4252.695049938047,11.964235383778835,1.0,0.0,1.2453484848484848,0.19203864347494004,4.771196618357488,0.6386932220791137,0.7696677730092258,0.25922427733465414,0.8547413716486381,0.7007537602710865,0.9677992859759701,0.34054297451490073,1.3927845069535894,0.3859949755778491,0.8547413716486381,0.7007537602710865,0.9677992859759701,0.34054297451490073,1.4149898695486702,0.3786138636837294,11.766200580000078,0.20650008974906142,0.01,0.0,,,,,,,0.0,0.0,,,,,,,,,,,,,,,0.0,0.0,0.0,0.0,ann_homeostasis_chronology,Хронология homeostatic ANN: V2 -> V3 -> V3.1,ann_homeostasis,chronology,ANN frozen homeostatic V3.1 (frog_lib_ann_frozen_soft_sated_v3_1),ANN frozen V3.1,frog_lib_ann_frozen_soft_sated_v3_1,ANN,ann_homeostasis_frozen,ann_homeostasis,35,,,,
ANN_FROZEN_SOFT_SATED_V3_1,developmental,2,5,19.6,10.326664514740468,1.1759999999999997,0.619599870884428,1.0,0.0,2.304,1.931813655609671,307.2425,140.581121843404,2.112634941899329,0.625469830196968,0.1564731175808633,0.03469407403508435,-1.7751373458320614,1.7687876304036139,24.140734648349078,15.597600153487742,0.058915238628445644,0.00868946051052657,27.46739128517177,0.3745776112758389,4245.1545215500355,58.09934402084822,1.0,0.0,1.5319211572740985,0.6898991464078029,5.321510771641206,0.856359269923887,0.84149140376345,0.5573190083185442,0.6150736345389671,0.44594484790158995,0.8806347270352918,0.2907308317262401,2.097436153156288,1.1231468588762115,0.6150736345389671,0.44594484790158995,0.8806347270352918,0.2907308317262401,2.097436153156288,1.1231468588762115,11.652101239999956,0.19895337563715726,0.01,0.0,,,,,,,0.0,0.0,,,,,,,,,,,,,,,0.0,0.0,0.0,0.0,ann_homeostasis_chronology,Хронология homeostatic ANN: V2 -> V3 -> V3.1,ann_homeostasis,chronology,ANN frozen homeostatic V3.1 (frog_lib_ann_frozen_soft_sated_v3_1),ANN frozen V3.1,frog_lib_ann_frozen_soft_sated_v3_1,ANN,ann_homeostasis_frozen,ann_homeostasis,35,,,,
ANN_FROZEN_SOFT_SATED_V3_1,developmental,3,5,22.8,4.308131845707603,1.3679999999999999,0.2584879107424562,1.0,0.0,4.198,2.53936527502445,389.51000000000005,210.22116667928566,1.8546215447059997,0.6069484028252776,0.18412044163429803,0.010260633773542084,-0.44817179095850956,0.3041747560221823,15.276671571514026,2.4752059077969157,0.06031771426117866,0.002295497317765028,27.466539699338227,0.1492139585059815,4251.272201862834,24.31891148666386,1.0,0.0,1.5689031250722327,0.35987042820507453,4.807568253968254,0.81989471327521,0.5342887562698405,0.08697184684821313,1.4839168675160745,1.220091714455118,1.2731153756202014,0.24396874846789504,1.4290000527022035,0.5448912449638127,1.4839168675160745,1.220091714455118,1.2731153756202014,0.24396874846789504,1.4290000527022035,0.5448912449638127,11.80782419999996,0.22910445821938938,0.01,0.0,,,,,,,0.0,0.0,,,,,,,,,,,,,,,0.0,0.0,0.0,0.0,ann_homeostasis_chronology,Хронология homeostatic ANN: V2 -> V3 -> V3.1,ann_homeostasis,chronology,ANN frozen homeostatic V3.1 (frog_lib_ann_frozen_soft_sated_v3_1),ANN frozen V3.1,frog_lib_ann_frozen_soft_sated_v3_1,ANN,ann_homeostasis_frozen,ann_homeostasis,35,,,,
ANN_FROZEN_SOFT_SATED_V3_1,developmental,4,5,22.2,7.110555533852471,1.3319999999999999,0.4266333320311482,1.0,0.0,2.5119999999999996,3.0919728329983753,138.832,91.49626580358348,2.876728411654477,0.6278562418234155,0.16443572180665908,0.019972359513979198,-1.1705488513871232,0.7356082234608836,17.357514364697487,5.559678188464921,0.05387920636685983,0.008315607546162526,27.289364732505057,0.25115258346663516,4219.217341020853,36.666050942634755,1.0,0.0,1.6844666142042102,0.1503811028585001,5.8523780663780665,1.459484829379139,0.5933721378354944,0.17812796978037085,0.5624976340286042,0.4715088091023765,0.782491561509982,0.28228320208472973,2.622859322728053,0.8043538992139512,0.5624976340286042,0.4715088091023765,0.782491561509982,0.28228320208472973,2.622859322728053,0.8043538992139512,11.935506699999952,0.012203743019494308,0.01,0.0,,,,,,,0.0,0.0,,,,,,,,,,,,,,,0.0,0.0,0.0,0.0,ann_homeostasis_chronology,Хронология homeostatic ANN: V2 -> V3 -> V3.1,ann_homeostasis,chronology,ANN frozen homeostatic V3.1 (frog_lib_ann_frozen_soft_sated_v3_1),ANN frozen V3.1,frog_lib_ann_frozen_soft_sated_v3_1,ANN,ann_homeostasis_frozen,ann_homeostasis,35,,,,
ANN_FROZEN_SOFT_SATED_V3_1,developmental,5,5,25.4,8.06473806146238,1.5239999999999998,0.48388428368774283,1.0,0.0,15.318000000000001,7.42015202000606,334.538,266.6627381843965,2.214636533891535,0.799983230274292,0.1797621522055856,0.008793035444244311,-0.5764733351587006,0.27760314590154006,14.928214131569337,4.775468539230907,0.057315285504500414,0.005577420550788372,27.324127960640546,0.19632268361890234,4226.924915813409,29.88292139918876,1.0,0.0,1.7746432942057944,0.4455859948833831,5.695614455592716,1.1644934929021733,0.5155391207162746,0.16578844938061887,1.2968348559455907,0.30205826027769755,1.1479566573065996,0.36081108116728355,1.9960789734676745,0.990304112758634,1.2968348559455907,0.30205826027769755,1.1479566573065996,0.36081108116728355,1.9960789734676745,0.990304112758634,11.840016860000015,0.3005380790311026,0.01,0.0,,,,,,,0.0,0.0,,,,,,,,,,,,,,,0.0,0.0,0.0,0.0,ann_homeostasis_chronology,Хронология homeostatic ANN: V2 -> V3 -> V3.1,ann_homeostasis,chronology,ANN frozen homeostatic V3.1 (frog_lib_ann_frozen_soft_sated_v3_1),ANN frozen V3.1,frog_lib_ann_frozen_soft_sated_v3_1,ANN,ann_homeostasis_frozen,ann_homeostasis,35,,,,
ANN_FROZEN_SOFT_SATED_V3_1,developmental,6,5,24.4,8.333066662399863,1.464,0.4999839997439918,0.9942857142857143,0.011428571428571432,19.137999999999998,9.844969070545627,292.16999999999996,120.9961402690185,1.992507487551049,0.4777602778756141,0.17349151073940866,0.0268489673926017,-0.9173340309590403,0.9943318509729532,16.241229458125336,6.56318951924799,0.054282609889190404,0.003471572186470483,27.347557659005,0.1438017379832437,4232.724381242994,23.246202592617582,1.0,0.0,1.6607644927536231,0.49549126923333775,5.990030668677727,0.809875807467382,0.5637437442713151,0.22279225010331893,1.0675798478887495,0.6417661356156283,0.9452044607604604,0.2480773269304561,2.238928001856984,0.5023969560224891,1.0675798478887495,0.6417661356156283,0.9452044607604604,0.2480773269304561,2.263747029778405,0.5342349283096599,11.961071220000212,0.30203090291418894,0.01,0.0,,,,,,,0.0,0.0,,,,,,,,,,,,,,,0.0,0.0,0.0,0.0,ann_homeostasis_chronology,Хронология homeostatic ANN: V2 -> V3 -> V3.1,ann_homeostasis,chronology,ANN frozen homeostatic V3.1 (frog_lib_ann_frozen_soft_sated_v3_1),ANN frozen V3.1,frog_lib_ann_frozen_soft_sated_v3_1,ANN,ann_homeostasis_frozen,ann_homeostasis,35,,,,
ANN_FROZEN_SOFT_SATED_V3_1,developmental,7,5,21.6,6.974238309665077,1.2959999999999998,0.4184542985799046,1.0,0.0,5.093999999999999,3.417394329017358,255.76,134.96000574244206,2.268854077309165,0.4221702924509979,0.16759484968608546,0.025773631459209224,-1.1414605929254655,1.142626563291684,18.521417138425285,9.175108206290629,0.058005341858502625,0.0020216451620632516,27.43453434102342,0.10645235078220515,4246.617347133731,16.54349976026693,1.0,0.0,1.8852087878787878,0.35733677834417227,5.262741421670118,1.5220525690589537,0.6441542611033786,0.3202198609379614,0.6306896373327426,0.6311049686467815,1.1227336763793556,0.44721880033156775,1.802830457924605,0.14363364759134542,0.6306896373327426,0.6311049686467815,1.1227336763793556,0.44721880033156775,1.802830457924605,0.14363364759134542,11.784844239999984,0.36105449815443985,0.01,0.0,,,,,,,0.0,0.0,,,,,,,,,,,,,,,0.0,0.0,0.0,0.0,ann_homeostasis_chronology,Хронология homeostatic ANN: V2 -> V3 -> V3.1,ann_homeostasis,chronology,ANN frozen homeostatic V3.1 (frog_lib_ann_frozen_soft_sated_v3_1),ANN frozen V3.1,frog_lib_ann_frozen_soft_sated_v3_1,ANN,ann_homeostasis_frozen,ann_homeostasis,35,,,,
ANN_FROZEN_SOFT_SATED_V3_1,developmental,8,5,23.4,5.571355310873647,1.404,0.33428131865241884,1.0,0.0,3.2960000000000003,1.9806120266220744,271.58000000000004,134.58119601192436,2.2042549266758695,0.4764584860289901,0.17461119759902788,0.019136664313458368,-0.8009091358815639,0.6753922930847751,15.346676967167895,3.5398839065353744,0.06036646938479556,0.0028307375645528926,27.401799684195133,0.1364877343630651,4237.783158364366,22.547048699113503,1.0,0.0,1.7546223285486444,0.3852119019044364,5.807677777777778,1.9604202757750062,0.5382506826321587,0.12696265487390074,1.8754773462273535,1.9702551950989449,1.2764576026441812,0.27574928979299074,1.66524239169879,0.5802879093159631,1.8754773462273535,1.9702551950989449,1.2764576026441812,0.27574928979299074,1.66524239169879,0.5802879093159631,11.909465020000061,0.15979685303930694,0.01,0.0,,,,,,,0.0,0.0,,,,,,,,,,,,,,,0.0,0.0,0.0,0.0,ann_homeostasis_chronology,Хронология homeostatic ANN: V2 -> V3 -> V3.1,ann_homeostasis,chronology,ANN frozen homeostatic V3.1 (frog_lib_ann_frozen_soft_sated_v3_1),ANN frozen V3.1,frog_lib_ann_frozen_soft_sated_v3_1,ANN,ann_homeostasis_frozen,ann_homeostasis,35,,,,
ANN_FROZEN_SOFT_SATED_V3_1,developmental,9,5,21.4,4.2708313008125245,1.284,0.25624987804875143,0.9925925925925926,0.014814814814814836,4.096,2.455333785862932,263.218,110.04316469458702,2.10895368733871,0.4531047040163517,0.17798705767619888,0.019279992245971354,-0.6972701297434984,0.72890748161611,16.43422160851941,4.0004729748740155,0.06272960478229297,0.0024987357455971714,27.54206322548731,0.0450046268098568,4260.02567459202,9.526956076639534,1.0,0.0,1.7934145573380866,0.8372838605096165,5.06775022977023,1.7340491915489307,0.5711796535958079,0.13539804474236883,1.9315990186565462,1.4547423788776033,1.2461537970441976,0.3136599385535667,1.471388244841802,0.4213202518360739,1.9315990186565462,1.4547423788776033,1.2461537970441976,0.3136599385535667,1.5004488604425255,0.4712195269956396,11.653460300000097,0.13094176894985504,0.01,0.0,,,,,,,0.0,0.0,,,,,,,,,,,,,,,0.0,0.0,0.0,0.0,ann_homeostasis_chronology,Хронология homeostatic ANN: V2 -> V3 -> V3.1,ann_homeostasis,chronology,ANN frozen homeostatic V3.1 (frog_lib_ann_frozen_soft_sated_v3_1),ANN frozen V3.1,frog_lib_ann_frozen_soft_sated_v3_1,ANN,ann_homeostasis_frozen,ann_homeostasis,35,,,,
ANN_SOFT_SATED_V2,adult,0,5,18.8,4.749736834815167,1.128,0.28498421008891,1.0,0.0,0.52,0.28404225037835484,12.492,3.1878920935313984,4.670482605184182,0.9050949552907507,0.14997502980111677,0.008632007869362879,-1.6894491129785247,0.3768862658549685,53.240549429389304,12.207203887909582,0.0016346154765275937,0.001996799246154409,7.092638563977987,1.4349185079258564,1114.6140630673465,217.6085058125205,1.0,0.0,1.3049213675213676,0.38437431557774066,2.4452981014628072,1.5048071747762026,0.8470852556395914,0.20393370875231467,0.15391545384413616,0.15988391807983857,0.22035201480253877,0.2976681487258637,10.589417630985693,2.67341624436832,0.15391545384413616,0.15988391807983857,0.22035201480253877,0.2976681487258637,10.589417630985693,2.67341624436832,14.986121800000046,0.42971339933290115,0.0,0.0,,,,,,,0.0,0.0,,,,,,,,,,,,,,,0.0,0.0,0.0,0.0,ann_homeostasis_chronology,Хронология homeostatic ANN: V2 -> V3 -> V3.1,ann_homeostasis,chronology,ANN homeostatic V2 (frog_lib_ann_soft_sated_v2),ANN V2,frog_lib_ann_soft_sated_v2,ANN,ann_homeostasis,ann_homeostasis,30,,,,
ANN_SOFT_SATED_V2,adult,1,5,15.2,6.554387843269576,0.9119999999999999,0.3932632705961745,1.0,0.0,0.22999999999999998,0.0985900603509299,101.005,148.71866333786085,3.421802432262382,0.9956100756042257,0.13978836960303853,0.024221506694677642,-2.3962864632923244,1.4259691133941883,71.04948002284343,34.765507419629515,0.006317727756156159,0.006728771410071067,7.956471600954259,1.1936458220718689,1246.929268077658,189.5927432828622,1.0,0.0,3.9381199911199913,3.7342536938604036,8.888663800904977,10.252003273217387,1.3028279686410313,0.7408791772260557,0.24628125454920116,0.1919743400817593,0.3343487218544652,0.28377791302711647,7.070367554536224,2.3297167264020344,0.24628125454920116,0.1919743400817593,0.3343487218544652,0.28377791302711647,7.070367554536224,2.3297167264020344,15.5368364200001,1.043410558501689,0.0,0.0,,,,,,,0.0,0.0,,,,,,,,,,,,,,,0.0,0.0,0.0,0.0,ann_homeostasis_chronology,Хронология homeostatic ANN: V2 -> V3 -> V3.1,ann_homeostasis,chronology,ANN homeostatic V2 (frog_lib_ann_soft_sated_v2),ANN V2,frog_lib_ann_soft_sated_v2,ANN,ann_homeostasis,ann_homeostasis,30,,,,
ANN_SOFT_SATED_V2,adult,2,5,22.0,8.366600265340756,1.3199999999999998,0.5019960159204453,1.0,0.0,0.992,0.17197674261364526,88.3875,132.16240149433577,4.0990944782479435,1.6087781933683116,0.1567914944738991,0.0294710148821564,-1.6909010473723023,1.6757342070643952,57.85135242377527,48.68772710871578,0.004440534461540202,0.0029764735503481562,8.502265230562356,1.709469608018589,1286.4331947037067,220.01060472422196,0.9933333333333334,0.01333333333333333,2.6085005347593584,1.3649837727170784,12.039979066022545,11.113968143388398,1.0012407719315592,0.7853663041294605,0.5977387232630077,0.49843326975486285,0.5953663291196447,0.45943160900933716,6.57239184055598,4.196590113425084,0.5123367647114178,0.37285452729867996,0.5953663291196447,0.45943160900933716,6.57239184055598,4.196590113425084,15.663031619999947,1.0666747015093445,0.0,0.0,,,,,,,0.0,0.0,,,,,,,,,,,,,,,0.0,0.0,0.0,0.0,ann_homeostasis_chronology,Хронология homeostatic ANN: V2 -> V3 -> V3.1,ann_homeostasis,chronology,ANN homeostatic V2 (frog_lib_ann_soft_sated_v2),ANN V2,frog_lib_ann_soft_sated_v2,ANN,ann_homeostasis,ann_homeostasis,30,,,,
ANN_SOFT_SATED_V2,adult,3,5,22.0,10.449880382090505,1.3199999999999998,0.6269928229254302,1.0,0.0,1.018,0.3383725757209056,14.932500000000001,1.5742676868944492,4.577882897187329,1.8391789351131582,0.15298033584356746,0.027081423576875516,-1.7734429912683922,1.3608077972466148,56.99311075856493,42.67140671916838,0.004019358570245884,0.0038802810956122882,8.221957119734043,2.01073425393997,1289.1670368534546,306.6822393237966,1.0,0.0,2.8295270771853893,2.630606745250102,6.408276705276705,8.64648042053339,0.9668743932466798,0.6671262460544967,0.5773688031823196,0.7133204606220217,0.2959345536209289,0.43804290996123973,9.36801244695102,4.064636419468838,0.5773688031823196,0.7133204606220217,0.28088394595263333,0.4095333260900615,9.36801244695102,4.064636419468838,15.314462940000066,0.8061931790340385,0.0,0.0,,,,,,,0.0,0.0,,,,,,,,,,,,,,,0.0,0.0,0.0,0.0,ann_homeostasis_chronology,Хронология homeostatic ANN: V2 -> V3 -> V3.1,ann_homeostasis,chronology,ANN homeostatic V2 (frog_lib_ann_soft_sated_v2),ANN V2,frog_lib_ann_soft_sated_v2,ANN,ann_homeostasis,ann_homeostasis,30,,,,
ANN_SOFT_SATED_V2,adult,4,5,18.0,1.8973665961010275,1.0799999999999998,0.11384199576606166,1.0,0.0,0.594,0.3505196142871323,91.34,156.2597021627777,4.252580477217954,0.9061635293370487,0.15059372327458515,0.0032791626643659715,-1.6435392804075335,0.14499366663986418,53.81979089046949,5.269612351312653,0.0006972976978308558,0.0007385471662054923,6.390293384167405,1.2922080548670707,1002.9381214337396,199.27184102298702,1.0,0.0,1.8573977272727273,1.0590977811423556,4.439095864661654,2.479105233032673,0.8548426814400593,0.11198302457824058,0.18641713508699284,0.25521289198989977,0.40806913586315846,0.2767999081726163,9.601421458389021,2.444801487379562,0.18641713508699284,0.25521289198989977,0.40806913586315846,0.2767999081726163,9.601421458389021,2.444801487379562,15.180360400000017,0.5181306318591201,0.0,0.0,,,,,,,0.0,0.0,,,,,,,,,,,,,,,0.0,0.0,0.0,0.0,ann_homeostasis_chronology,Хронология homeostatic ANN: V2 -> V3 -> V3.1,ann_homeostasis,chronology,ANN homeostatic V2 (frog_lib_ann_soft_sated_v2),ANN V2,frog_lib_ann_soft_sated_v2,ANN,ann_homeostasis,ann_homeostasis,30,,,,
ANN_SOFT_SATED_V2,adult,5,5,13.8,3.1874754901018454,0.828,0.19124852940611073,1.0,0.0,2.018,0.31294727990509846,109.55000000000001,163.39815650734866,3.318803663343948,1.0292765532650623,0.13745311896341644,0.012148471034374766,-2.33947963800905,0.728276150220306,68.07129331794481,11.7634501449802,0.0019166087529151842,0.0013173992413697748,7.765446838862344,1.336369239218312,1211.3736211699538,207.74141705312516,1.0,0.0,2.8594494949494953,1.969681976270311,9.665593853695324,12.358792617505017,1.214412477446455,0.47288996677816864,0.09384749220114248,0.1119841142257626,0.2921195419601855,0.2817466734826532,7.169322905303157,2.9049352137029287,0.09384749220114248,0.1119841142257626,0.2921195419601855,0.2817466734826532,7.169322905303157,2.9049352137029287,15.30233072000001,0.9757500790553174,0.0,0.0,,,,,,,0.0,0.0,,,,,,,,,,,,,,,0.0,0.0,0.0,0.0,ann_homeostasis_chronology,Хронология homeostatic ANN: V2 -> V3 -> V3.1,ann_homeostasis,chronology,ANN homeostatic V2 (frog_lib_ann_soft_sated_v2),ANN V2,frog_lib_ann_soft_sated_v2,ANN,ann_homeostasis,ann_homeostasis,30,,,,
ANN_SOFT_SATED_V2,adult,6,5,17.0,4.2895221179054435,1.02,0.2573713270743266,1.0,0.0,2.21,0.7673330437300352,272.226,317.9510797968769,2.990510725300462,1.1467217860171537,0.1532146570418158,0.010554276836726306,-1.5578308648803663,0.4511080582904167,57.37941384333529,12.137938721189267,0.007834993715656956,0.010403926103686257,7.761746357485339,0.2802753026745319,1204.9849834537513,40.665292494737244,1.0,0.0,1.610358141858142,0.8384116319033947,6.952772893772893,8.5497640438202,0.9362611098736296,0.20353275292125092,0.4479776849594831,0.2293586063669877,0.4709509478940218,0.33243439549414255,6.555087146933998,3.1884429696755063,0.4479776849594831,0.2293586063669877,0.4709509478940218,0.33243439549414255,6.555087146933998,3.1884429696755063,15.051929500000051,0.18351208550642933,0.0,0.0,,,,,,,0.0,0.0,,,,,,,,,,,,,,,0.0,0.0,0.0,0.0,ann_homeostasis_chronology,Хронология homeostatic ANN: V2 -> V3 -> V3.1,ann_homeostasis,chronology,ANN homeostatic V2 (frog_lib_ann_soft_sated_v2),ANN V2,frog_lib_ann_soft_sated_v2,ANN,ann_homeostasis,ann_homeostasis,30,,,,
ANN_SOFT_SATED_V2,adult,7,5,25.0,5.513619500836088,1.5,0.3308171700501653,1.0,0.0,1.134,0.5528327052553964,19.46,6.109477882765433,4.727421945026691,0.7359510511894306,0.16841455047609802,0.017785534754414495,-1.005111735723355,0.6406274864910112,36.01831542262747,15.977866547639582,0.00839765199455177,0.011435520049575515,9.358768959125891,2.0898677137636033,1450.8707844713713,311.96136666599807,1.0,0.0,2.872426881941588,1.920689148426224,12.73277567667779,13.081186032579984,0.671532387588875,0.1844538925659019,2.3443447167589064,3.5394495337099183,0.47885274899064284,0.47199752327630684,8.850618816690318,3.191294697055955,2.3443447167589064,3.5394495337099183,0.47885274899064284,0.47199752327630684,8.850618816690318,3.191294697055955,15.830112539999982,0.9150116802468068,0.0,0.0,,,,,,,0.0,0.0,,,,,,,,,,,,,,,0.0,0.0,0.0,0.0,ann_homeostasis_chronology,Хронология homeostatic ANN: V2 -> V3 -> V3.1,ann_homeostasis,chronology,ANN homeostatic V2 (frog_lib_ann_soft_sated_v2),ANN V2,frog_lib_ann_soft_sated_v2,ANN,ann_homeostasis,ann_homeostasis,30,,,,
ANN_SOFT_SATED_V2,adult,8,5,25.4,8.357032966310472,1.5239999999999998,0.5014219779786283,1.0,0.0,0.546,0.4239622624715554,12.515,0.86262680227315,5.72174150489967,1.7764685953269428,0.15940605227133206,0.020003614186119935,-1.3956664434553347,0.9763979432252349,45.37566501544727,31.302297608505413,0.0058716014093711435,0.006102710875870734,7.611359934400477,2.0624571508425635,1191.8408964411708,310.99021277102173,1.0,0.0,2.1321236068111458,1.7369619888150285,7.13169375798212,10.622042280819093,0.7587693262463324,0.4854497668372003,0.13472046582668193,0.1424297367115062,0.3865179699186202,0.4011771345530093,11.469007318649036,4.980545051626044,0.13472046582668193,0.1424297367115062,0.3865179699186202,0.4011771345530093,11.469007318649036,4.980545051626044,15.258306000000038,0.8684368955964528,0.0,0.0,,,,,,,0.0,0.0,,,,,,,,,,,,,,,0.0,0.0,0.0,0.0,ann_homeostasis_chronology,Хронология homeostatic ANN: V2 -> V3 -> V3.1,ann_homeostasis,chronology,ANN homeostatic V2 (frog_lib_ann_soft_sated_v2),ANN V2,frog_lib_ann_soft_sated_v2,ANN,ann_homeostasis,ann_homeostasis,30,,,,
ANN_SOFT_SATED_V2,adult,9,5,19.6,6.2801273872430325,1.176,0.37680764323458193,1.0,0.0,0.754,0.11001818031580056,119.94500000000001,167.50537312277478,3.653077558118093,1.4439015959904713,0.15397969378202866,0.02144337526641713,-1.6288279092466447,0.9767976324392714,50.2070695875328,26.28892864641944,0.009322218994065134,0.007980523050516825,9.044914196862468,1.8608112916538841,1404.1805219125104,270.4671098051506,1.0,0.0,2.1949093710211356,1.230853659497091,14.07146005202527,14.651003892058323,0.9424379020577822,0.4121862284340165,0.6060767510220797,0.6099862636336387,0.3924962297749559,0.48084619035202475,6.967409093673394,4.438577502701271,0.6060767510220797,0.6099862636336387,0.3924962297749559,0.48084619035202475,6.967409093673394,4.438577502701271,15.927251979999983,1.0711908224521567,0.0,0.0,,,,,,,0.0,0.0,,,,,,,,,,,,,,,0.0,0.0,0.0,0.0,ann_homeostasis_chronology,Хронология homeostatic ANN: V2 -> V3 -> V3.1,ann_homeostasis,chronology,ANN homeostatic V2 (frog_lib_ann_soft_sated_v2),ANN V2,frog_lib_ann_soft_sated_v2,ANN,ann_homeostasis,ann_homeostasis,30,,,,
ANN_SOFT_SATED_V2,developmental,0,5,20.6,6.529931086925803,1.236,0.39179586521554816,1.0,0.0,0.752,0.2965400478856102,146.37600000000003,177.36393958186653,3.396075508125773,0.7202417059376919,0.16248429586034502,0.022064806881217546,-1.2661967906195275,0.8242113594557612,45.77299563053147,17.05497446763212,0.002132897445116241,0.0010082921247821022,17.669745773674876,1.940609237718771,2748.9062898412776,293.7213875531494,1.0,0.0,3.8932529137529137,1.511049956786009,17.996914500442085,13.12730380851503,0.8373799937260017,0.23520594089390348,0.3545179545404831,0.0527546906218022,0.6632798964152041,0.45083158048005734,6.394481960388417,1.366186499921587,0.3545179545404831,0.0527546906218022,0.6632798964152041,0.45083158048005734,6.394481960388417,1.366186499921587,15.77302697999994,1.0141729387381844,0.01,0.0,,,,,,,0.0,0.0,,,,,,,,,,,,,,,0.0,0.0,0.0,0.0,ann_homeostasis_chronology,Хронология homeostatic ANN: V2 -> V3 -> V3.1,ann_homeostasis,chronology,ANN homeostatic V2 (frog_lib_ann_soft_sated_v2),ANN V2,frog_lib_ann_soft_sated_v2,ANN,ann_homeostasis,ann_homeostasis,30,,,,
ANN_SOFT_SATED_V2,developmental,1,5,26.4,6.858571279792899,1.584,0.4115142767875739,1.0,0.0,0.49000000000000005,0.4244997055358225,147.56199999999998,126.44318730560377,4.048711647660776,1.4140096917939247,0.17768587402863784,0.01771473078444982,-0.6936386852628962,0.6598725999704969,34.57756342042067,12.413291782493493,0.0028625295827060925,0.0017668435518851141,17.344290813044076,2.7296639444125343,2687.735523177375,404.2463082887236,0.992,0.016000000000000014,2.582818181818182,0.926100288153136,22.11280891265597,15.458356072593368,0.669544300859178,0.18553501343146847,0.5889478588570161,0.19337171869093858,0.9080698387110671,0.3290707163139759,6.857280174047029,3.8207653500458774,0.5889478588570161,0.19337171869093858,0.9080698387110671,0.3290707163139759,6.857280174047029,3.8207653500458774,16.410291859999962,1.025461016182855,0.01,0.0,,,,,,,0.0,0.0,,,,,,,,,,,,,,,0.0,0.0,0.0,0.0,ann_homeostasis_chronology,Хронология homeostatic ANN: V2 -> V3 -> V3.1,ann_homeostasis,chronology,ANN homeostatic V2 (frog_lib_ann_soft_sated_v2),ANN V2,frog_lib_ann_soft_sated_v2,ANN,ann_homeostasis,ann_homeostasis,30,,,,
ANN_SOFT_SATED_V2,developmental,2,5,17.8,2.9933259094191533,1.068,0.17959955456514914,1.0,0.0,1.17,0.6643192003848751,212.638,172.7489770042069,3.008163744095797,0.9276722987115129,0.15982397416916005,0.019308013560354324,-1.3461342217057886,0.7394080295201167,45.81836553162873,8.370395305583562,0.0046573145560343315,0.003515444094566154,18.95222840459605,1.069339832478989,2936.7687764586385,167.4846320217747,0.990909090909091,0.018181818181818167,4.028205353126406,2.2988645885740757,22.79052323232323,18.698752335161863,0.9033931629321803,0.11812760896172378,0.21121194064107826,0.1493702127255182,0.6090602794945763,0.5268778913728737,5.728040281181119,3.6339385279192395,0.21121194064107826,0.1493702127255182,0.6090602794945763,0.5268778913728737,5.728040281181119,3.6339385279192395,15.753558340000017,0.9982760859271733,0.01,0.0,,,,,,,0.0,0.0,,,,,,,,,,,,,,,0.0,0.0,0.0,0.0,ann_homeostasis_chronology,Хронология homeostatic ANN: V2 -> V3 -> V3.1,ann_homeostasis,chronology,ANN homeostatic V2 (frog_lib_ann_soft_sated_v2),ANN V2,frog_lib_ann_soft_sated_v2,ANN,ann_homeostasis,ann_homeostasis,30,,,,
ANN_SOFT_SATED_V2,developmental,3,5,21.2,5.635601121442148,1.2719999999999998,0.3381360672865289,1.0,0.0,1.1460000000000001,0.6363835321565132,213.85399999999998,246.81618946900545,3.147218905305437,0.7660876942478372,0.16831571352674266,0.02100681315359346,-1.0405401557259297,0.7961553746407459,41.992990415115855,15.876756132866367,0.004225943481119798,0.002269157800224669,18.04551299244995,2.980747122211083,2799.4496479613886,452.7270438152558,1.0,0.0,3.6978551138716353,2.062201900779535,23.07006216931217,16.55140015051847,0.8093964542195708,0.1790831684948105,1.1149755220801165,1.1210024552875113,0.7311222605414798,0.48366176315975357,5.470326375450471,1.9468337944766698,1.1149755220801165,1.1210024552875113,0.7311222605414798,0.48366176315975357,5.470326375450471,1.9468337944766698,16.15861367999987,0.9907232060373953,0.01,0.0,,,,,,,0.0,0.0,,,,,,,,,,,,,,,0.0,0.0,0.0,0.0,ann_homeostasis_chronology,Хронология homeostatic ANN: V2 -> V3 -> V3.1,ann_homeostasis,chronology,ANN homeostatic V2 (frog_lib_ann_soft_sated_v2),ANN V2,frog_lib_ann_soft_sated_v2,ANN,ann_homeostasis,ann_homeostasis,30,,,,
ANN_SOFT_SATED_V2,developmental,4,5,21.0,5.366563145999495,1.26,0.3219937887599697,1.0,0.0,0.728,0.17069270634681494,180.296,142.45509518441241,3.342087993888936,0.8728674818530786,0.16518072933133313,0.019371211606381687,-1.1377764753088004,0.7166547175577742,42.091086729624976,12.659864001879422,0.005080669712593119,0.002446213689759562,17.929125445227495,2.1802665363444573,2794.4911475715166,311.7055157811838,1.0,0.0,3.3572788819875776,0.942807581026565,19.14815251897861,13.522113550758759,0.7897944695472725,0.1562462688653973,0.5426609988987317,0.2415201826119363,0.702615729489203,0.42453874938920927,6.103137213542323,2.5743485863118907,0.5426609988987317,0.2415201826119363,0.702615729489203,0.42453874938920927,6.103137213542323,2.5743485863118907,15.787150740000016,1.0389210469397367,0.01,0.0,,,,,,,0.0,0.0,,,,,,,,,,,,,,,0.0,0.0,0.0,0.0,ann_homeostasis_chronology,Хронология homeostatic ANN: V2 -> V3 -> V3.1,ann_homeostasis,chronology,ANN homeostatic V2 (frog_lib_ann_soft_sated_v2),ANN V2,frog_lib_ann_soft_sated_v2,ANN,ann_homeostasis,ann_homeostasis,30,,,,
ANN_SOFT_SATED_V2,developmental,5,5,19.6,5.535341001239219,1.176,0.33212046007435314,1.0,0.0,2.634,0.6977277405980071,192.348,154.8794211507778,2.8380560592508948,0.6707423143693606,0.16666283493584305,0.023098366640587,-1.1248994812359374,0.9003396735208998,46.08744496617093,15.209906789082568,0.002387152011000138,0.0014716609529726737,18.104802584581172,1.7049096485528916,2804.967143939715,286.1043259997372,1.0,0.0,4.621289074960128,1.6216843045158467,25.10490626040626,17.02599391860884,0.8682172828538104,0.19752119806503027,2.1193357378379654,2.716903350561527,0.7302942797429243,0.46797215027783934,5.084499197351462,2.1085342204134507,2.1193357378379654,2.716903350561527,0.7302942797429243,0.46797215027783934,5.084499197351462,2.1085342204134507,15.932433059999948,0.988287843499369,0.01,0.0,,,,,,,0.0,0.0,,,,,,,,,,,,,,,0.0,0.0,0.0,0.0,ann_homeostasis_chronology,Хронология homeostatic ANN: V2 -> V3 -> V3.1,ann_homeostasis,chronology,ANN homeostatic V2 (frog_lib_ann_soft_sated_v2),ANN V2,frog_lib_ann_soft_sated_v2,ANN,ann_homeostasis,ann_homeostasis,30,,,,
ANN_SOFT_SATED_V2,developmental,6,5,22.6,3.4985711369071804,1.3559999999999999,0.20991426821443085,1.0,0.0,2.648,1.3736870094748657,133.902,161.73584443777452,3.2571992917916033,0.7890672042324778,0.1729261556663757,0.01657821369431561,-0.8388225058037335,0.5844010462758408,37.36830982995804,8.211363505903973,0.002633029746801916,0.0027682487478528726,18.016758498023794,2.3317383711546005,2767.927338039416,333.98341369280195,1.0,0.0,4.0315898741418765,2.314213186530397,25.182113015873018,16.84534013132174,0.729984166663496,0.08602604000513064,0.4892678456828384,0.07829205215678497,0.7647151494905574,0.4965575728937357,5.84567980664797,2.7867468949119742,0.4892678456828384,0.07829205215678497,0.7647151494905574,0.4965575728937357,5.84567980664797,2.7867468949119742,16.227374480000073,1.0895969323527595,0.01,0.0,,,,,,,0.0,0.0,,,,,,,,,,,,,,,0.0,0.0,0.0,0.0,ann_homeostasis_chronology,Хронология homeostatic ANN: V2 -> V3 -> V3.1,ann_homeostasis,chronology,ANN homeostatic V2 (frog_lib_ann_soft_sated_v2),ANN V2,frog_lib_ann_soft_sated_v2,ANN,ann_homeostasis,ann_homeostasis,30,,,,
ANN_SOFT_SATED_V2,developmental,7,5,21.8,5.878775382679628,1.3079999999999998,0.3527265229607776,1.0,0.0,1.02,0.30199337741082993,40.492000000000004,41.72408963656367,3.872646043902815,0.6008580610982376,0.1648832589548254,0.020602343301861226,-1.157165568557207,0.73895169212887,41.519003533515914,13.5865136077654,0.002685006302921085,0.0016201387863182654,17.842259382182455,2.426706258846975,2793.102565827098,360.3459326898653,1.0,0.0,2.5517488328664806,0.99143841134393,15.694922952853599,14.187386750685445,0.7656801308796526,0.1618712678537325,0.2621399906112532,0.08796144757630829,0.5688069466092874,0.5161711224363009,7.609521330005924,1.7205621926499697,0.2621399906112532,0.08796144757630829,0.5688069466092874,0.5161711224363009,7.609521330005924,1.7205621926499697,15.760837660000016,0.8248679741131975,0.01,0.0,,,,,,,0.0,0.0,,,,,,,,,,,,,,,0.0,0.0,0.0,0.0,ann_homeostasis_chronology,Хронология homeostatic ANN: V2 -> V3 -> V3.1,ann_homeostasis,chronology,ANN homeostatic V2 (frog_lib_ann_soft_sated_v2),ANN V2,frog_lib_ann_soft_sated_v2,ANN,ann_homeostasis,ann_homeostasis,30,,,,
ANN_SOFT_SATED_V2,developmental,8,5,21.8,6.493073232299171,1.3079999999999998,0.3895843939379502,1.0,0.0,1.082,0.9783128334024858,231.372,315.85731040455596,3.4190070768230596,0.7058955908220499,0.16819469607939713,0.02082358019689923,-1.0446632928225525,0.8024429122328365,40.475377552121465,17.103996428026164,0.004242609036723346,0.001973778347190643,19.868170844485956,1.0461458398249885,3023.6293759612304,125.3532475330764,1.0,0.0,4.092996549344376,1.493341174288902,21.962866278702144,14.584294326763375,0.808380695508804,0.2687315870649747,0.3428551348458917,0.10183965629609688,0.841473592786868,0.3426032905459559,5.56313493889658,1.1974725597208211,0.3428551348458917,0.10183965629609688,0.841473592786868,0.3426032905459559,5.56313493889658,1.1974725597208211,15.942600039999979,0.9901925943053776,0.01,0.0,,,,,,,0.0,0.0,,,,,,,,,,,,,,,0.0,0.0,0.0,0.0,ann_homeostasis_chronology,Хронология homeostatic ANN: V2 -> V3 -> V3.1,ann_homeostasis,chronology,ANN homeostatic V2 (frog_lib_ann_soft_sated_v2),ANN V2,frog_lib_ann_soft_sated_v2,ANN,ann_homeostasis,ann_homeostasis,30,,,,
ANN_SOFT_SATED_V2,developmental,9,5,19.2,4.308131845707603,1.152,0.25848791074245614,1.0,0.0,1.5020000000000002,0.9248221450635793,250.652,128.77519549975452,2.7270412574968677,0.1846907365073748,0.16350897319836738,0.020199032723537482,-1.212812484749928,0.7859478608973983,47.209302733730055,13.59077748640067,0.0016740192306706713,0.0008327767921406005,17.046701913671278,2.415078979831629,2654.362244104065,358.21201516546364,0.990909090909091,0.018181818181818167,2.8905537707906133,1.7476883111040475,20.17647186147186,17.279588252083474,0.859341222716451,0.1711917824494514,0.7760183033348921,0.5972287522987908,0.6197377735759233,0.5196454811987498,5.055526973983175,1.4798683892957583,0.7760183033348921,0.5972287522987908,0.6061113200875411,0.506061422228704,5.055526973983175,1.4798683892957583,15.781179380000049,1.0536956325428295,0.01,0.0,,,,,,,0.0,0.0,,,,,,,,,,,,,,,0.0,0.0,0.0,0.0,ann_homeostasis_chronology,Хронология homeostatic ANN: V2 -> V3 -> V3.1,ann_homeostasis,chronology,ANN homeostatic V2 (frog_lib_ann_soft_sated_v2),ANN V2,frog_lib_ann_soft_sated_v2,ANN,ann_homeostasis,ann_homeostasis,30,,,,
ANN_SOFT_SATED_V3,adult,0,5,12.6,3.2,0.756,0.192,1.0,0.0,91.752,3.2849073046282444,645.57,57.88945715758615,0.7024721960735915,0.14185873439505617,0.14288769848727512,0.02256809642327787,-2.175232871822243,1.12495461689616,69.6665799268147,26.60047792671902,0.0273336445933687,0.016371083794634724,9.322911256566323,1.2438226146400608,1445.1589600381299,192.43849315454426,1.0,0.0,2.0419807692307694,0.8216127266742745,12.394165384615386,4.7736162418351284,1.3209042566923133,0.3498083669499479,2.803443943746874,4.293954339907299,1.232186751451725,0.3113198768279798,0.0,0.0,2.803443943746874,4.293954339907299,1.232186751451725,0.3113198768279798,0.0,0.0,15.53947788000005,0.3606337899349148,0.0,0.0,,,,,,,0.0,0.0,,,,,,,,,,,,,,,0.0,0.0,0.0,0.0,ann_homeostasis_chronology,Хронология homeostatic ANN: V2 -> V3 -> V3.1,ann_homeostasis,chronology,ANN homeostatic V3 (frog_lib_ann_soft_sated_v3),ANN V3,frog_lib_ann_soft_sated_v3,ANN,ann_homeostasis,ann_homeostasis,32,,,,
ANN_SOFT_SATED_V3,adult,1,5,16.8,0.4,1.008,0.02400000000000002,1.0,0.0,90.38199999999999,1.994205606250264,606.942,33.648481927124145,0.8016959576868358,0.019801035074036372,0.17701377788092157,0.003990484765510849,-0.6521905043260622,0.12923017433192932,44.37479996820163,3.2946324864682652,0.01933728483977799,0.008093386954407547,10.527975268179592,0.8366984719192958,1626.9988264278516,131.90694455150881,1.0,0.0,4.2628602941176466,1.2749967976925658,17.24836029411765,3.4717399288302477,0.9304050133088271,0.026647011322204442,1.6302132862381602,0.0,1.5155658480887946,0.12281424616782645,0.0,0.0,1.6302132862381602,0.0,1.5155658480887946,0.12281424616782645,0.0,0.0,15.622018620000063,0.25701501307185154,0.0,0.0,,,,,,,0.0,0.0,,,,,,,,,,,,,,,0.0,0.0,0.0,0.0,ann_homeostasis_chronology,Хронология homeostatic ANN: V2 -> V3 -> V3.1,ann_homeostasis,chronology,ANN homeostatic V3 (frog_lib_ann_soft_sated_v3),ANN V3,frog_lib_ann_soft_sated_v3,ANN,ann_homeostasis,ann_homeostasis,32,,,,
ANN_SOFT_SATED_V3,adult,2,5,14.8,4.48998886412873,0.8879999999999999,0.26939933184772374,1.0,0.0,94.69200000000001,13.767494180133143,590.1875,16.34551830778087,0.7286235562888186,0.17772187239736117,0.16321382900769027,0.032302254094638945,-1.4765798173747084,1.7739237081160835,65.80506510806735,44.33683023342294,0.016327944199600784,0.007681282732286601,9.570259631110327,2.108373817457867,1475.4103792072085,320.76787566395706,1.0,0.0,3.605666666666667,0.9140628777302165,13.93801388888889,6.957705502780779,1.2425369025000044,0.6380150904900134,0.4030145488255006,0.0,1.3270856604932653,0.5088385787389699,0.0,0.0,0.4030145488255006,0.0,1.3270856604932653,0.5088385787389699,0.0,0.0,15.542133020000028,0.3611862770027837,0.0,0.0,,,,,,,0.0,0.0,,,,,,,,,,,,,,,0.0,0.0,0.0,0.0,ann_homeostasis_chronology,Хронология homeostatic ANN: V2 -> V3 -> V3.1,ann_homeostasis,chronology,ANN homeostatic V3 (frog_lib_ann_soft_sated_v3),ANN V3,frog_lib_ann_soft_sated_v3,ANN,ann_homeostasis,ann_homeostasis,32,,,,
ANN_SOFT_SATED_V3,adult,3,5,16.8,0.7483314773547883,1.008,0.044899888641287265,1.0,0.0,95.224,8.003953023350396,605.87,19.63360079048158,0.7746872241608225,0.00939936467834742,0.17617941206391435,0.0070762864554694705,-0.6851346708506345,0.22679685110634698,46.62479499497581,2.9947069673334332,0.019338173205682915,0.007202644507412522,9.950360690542556,1.0425210168969838,1529.0563936072529,163.37582726920877,1.0,0.0,3.3943308823529414,2.187515951301209,10.64490931372549,4.5105579674093175,0.9191399532679727,0.05488239342014554,2.1636316387201835,1.365440233032419,1.3119998165564097,0.09180831120269034,0.0,0.0,2.1636316387201835,1.365440233032419,1.3119998165564097,0.09180831120269034,0.0,0.0,15.400608699999975,0.24813151322926627,0.0,0.0,,,,,,,0.0,0.0,,,,,,,,,,,,,,,0.0,0.0,0.0,0.0,ann_homeostasis_chronology,Хронология homeostatic ANN: V2 -> V3 -> V3.1,ann_homeostasis,chronology,ANN homeostatic V3 (frog_lib_ann_soft_sated_v3),ANN V3,frog_lib_ann_soft_sated_v3,ANN,ann_homeostasis,ann_homeostasis,32,,,,
ANN_SOFT_SATED_V3,adult,4,5,15.4,3.7202150475476548,0.924,0.22321290285285927,1.0,0.0,96.732,11.005197681095964,593.06,26.42299282821684,0.7774906993659307,0.08218212061405074,0.1671906658512871,0.026628767285979897,-1.1857429789854748,1.285462523324935,57.37017396340468,24.377645342770748,0.015697938010391797,0.00863467651091642,9.90596143215227,0.9946341086946946,1511.9242693891047,152.28359200997053,1.0,0.0,3.1602124183006537,0.7439630634453759,12.083882352941178,3.8618037066262327,1.1084736739215741,0.39447795647676215,0.1469219844263511,0.0,1.4225019507370766,0.23846405933220186,0.0,0.0,0.1469219844263511,0.0,1.4225019507370766,0.23846405933220186,0.0,0.0,15.605484480000086,0.2620467963621625,0.0,0.0,,,,,,,0.0,0.0,,,,,,,,,,,,,,,0.0,0.0,0.0,0.0,ann_homeostasis_chronology,Хронология homeostatic ANN: V2 -> V3 -> V3.1,ann_homeostasis,chronology,ANN homeostatic V3 (frog_lib_ann_soft_sated_v3),ANN V3,frog_lib_ann_soft_sated_v3,ANN,ann_homeostasis,ann_homeostasis,32,,,,
ANN_SOFT_SATED_V3,adult,5,5,13.2,5.035871324805669,0.792,0.3021522794883401,1.0,0.0,108.1,17.395935157386624,673.215,115.11815962305862,0.6479215878239021,0.16380973061578533,0.15163913274751045,0.038005730346471485,-2.2526535531892096,2.663301154887618,89.21165596519913,66.91510150463183,0.0253573415943368,0.011441790068597262,8.442564484005157,1.6714592427344872,1307.3141033608229,254.43868244484787,1.0,0.0,1.9957005347593584,0.6476966278960153,7.750324183006536,4.659775347085119,1.5545891460915058,1.0936559637955268,1.064968185063237,0.8131770667417123,1.0755323507879335,0.4156101980945276,0.0,0.0,1.064968185063237,0.8131770667417123,1.0755323507879335,0.4156101980945276,0.0,0.0,15.253659140000035,0.3728078902540149,0.0,0.0,,,,,,,0.0,0.0,,,,,,,,,,,,,,,0.0,0.0,0.0,0.0,ann_homeostasis_chronology,Хронология homeostatic ANN: V2 -> V3 -> V3.1,ann_homeostasis,chronology,ANN homeostatic V3 (frog_lib_ann_soft_sated_v3),ANN V3,frog_lib_ann_soft_sated_v3,ANN,ann_homeostasis,ann_homeostasis,32,,,,
ANN_SOFT_SATED_V3,adult,6,5,15.0,3.0983866769659336,0.9,0.18590320061795604,1.0,0.0,133.172,43.9436318025718,578.0,10.869712507697692,0.6996889316348356,0.19375238128240022,0.16338890973821982,0.02109461595933019,-1.2419609650426036,0.9451418736858217,57.6584557637049,22.729257091614794,0.024057400846005318,0.007096536010608051,9.499593449746957,1.7806674399905262,1471.8854675125426,271.84609844579757,1.0,0.0,3.6536392156862747,1.420923666949493,13.91803137254902,7.9494138720491385,1.1029135832156904,0.2929866160564113,0.8551425722052542,0.8001507596892392,1.2325962165016278,0.4019985908112903,0.0,0.0,0.8551425722052542,0.8001507596892392,1.2325962165016278,0.4019985908112903,0.0,0.0,15.643738320000057,0.49443428389608396,0.0,0.0,,,,,,,0.0,0.0,,,,,,,,,,,,,,,0.0,0.0,0.0,0.0,ann_homeostasis_chronology,Хронология homeostatic ANN: V2 -> V3 -> V3.1,ann_homeostasis,chronology,ANN homeostatic V3 (frog_lib_ann_soft_sated_v3),ANN V3,frog_lib_ann_soft_sated_v3,ANN,ann_homeostasis,ann_homeostasis,32,,,,
ANN_SOFT_SATED_V3,adult,7,5,14.2,2.6381811916545836,0.852,0.15829087149927507,1.0,0.0,96.11200000000001,3.8216980519135726,742.494,141.46454263878283,0.7141203094501607,0.0762314105535324,0.15483436478702312,0.02073730442676624,-1.5779349201740955,0.8947322802437251,61.76040403207027,16.189282723621762,0.022982881798665842,0.008517704456607298,8.791021614624352,1.278584643110769,1358.6788839718154,192.0621296160478,1.0,0.0,2.6576226890756303,1.0256626395293937,8.15856224951519,3.4792042990494685,1.113962468434386,0.2179339439156199,1.6479791986846013,1.281777197781174,1.1289994714234735,0.24643676069319373,0.0,0.0,1.6479791986846013,1.281777197781174,1.1289994714234735,0.24643676069319373,0.0,0.0,15.254109219999965,0.21537660476614,0.0,0.0,,,,,,,0.0,0.0,,,,,,,,,,,,,,,0.0,0.0,0.0,0.0,ann_homeostasis_chronology,Хронология homeostatic ANN: V2 -> V3 -> V3.1,ann_homeostasis,chronology,ANN homeostatic V3 (frog_lib_ann_soft_sated_v3),ANN V3,frog_lib_ann_soft_sated_v3,ANN,ann_homeostasis,ann_homeostasis,32,,,,
ANN_SOFT_SATED_V3,adult,8,5,16.6,1.019803902718557,0.9959999999999999,0.06118823416311341,1.0,0.0,91.88000000000001,3.292057107645612,619.374,67.64457483050653,0.798903256587955,0.013729255248358767,0.17509038229914728,0.012400232068441598,-0.7406673735280396,0.41478357190292714,45.13848529167906,6.617644768919098,0.01715428125706355,0.005312155449085153,10.347329752307068,1.0084837456677558,1596.8725949129082,159.90915829097295,1.0,0.0,3.3890252100840335,1.1426114211248941,12.412290196078432,4.793734033048542,0.9360509825277786,0.048382836853457165,3.5738122193851543,2.822678187172604,1.440011204278552,0.25342679232484994,0.0,0.0,3.5738122193851543,2.822678187172604,1.440011204278552,0.25342679232484994,0.0,0.0,15.491851360000009,0.35756785892546317,0.0,0.0,,,,,,,0.0,0.0,,,,,,,,,,,,,,,0.0,0.0,0.0,0.0,ann_homeostasis_chronology,Хронология homeostatic ANN: V2 -> V3 -> V3.1,ann_homeostasis,chronology,ANN homeostatic V3 (frog_lib_ann_soft_sated_v3),ANN V3,frog_lib_ann_soft_sated_v3,ANN,ann_homeostasis,ann_homeostasis,32,,,,
ANN_SOFT_SATED_V3,adult,9,5,15.6,1.3564659966250536,0.9359999999999999,0.08138795979750325,1.0,0.0,104.05999999999999,20.153537654714622,587.408,10.208738217821056,0.7996823265611326,0.010413153453525519,0.16633181998142726,0.01511692425360836,-1.0691485597261694,0.6286954014269086,45.75250080770734,8.370186308912228,0.018491234248643757,0.00610664022052125,10.84073469111481,1.0925601305792043,1688.0929428071418,173.2467204707113,1.0,0.0,4.931242485455721,1.2908481342779485,17.640298076923077,6.1098506278256695,1.035056697867648,0.09942147607680056,0.0,0.0,1.4407157319301813,0.08251647413589268,0.0,0.0,0.0,0.0,1.4407157319301813,0.08251647413589268,0.0,0.0,16.013336160000016,0.14184088315531485,0.0,0.0,,,,,,,0.0,0.0,,,,,,,,,,,,,,,0.0,0.0,0.0,0.0,ann_homeostasis_chronology,Хронология homeostatic ANN: V2 -> V3 -> V3.1,ann_homeostasis,chronology,ANN homeostatic V3 (frog_lib_ann_soft_sated_v3),ANN V3,frog_lib_ann_soft_sated_v3,ANN,ann_homeostasis,ann_homeostasis,32,,,,
ANN_SOFT_SATED_V3,developmental,0,5,17.0,0.6324555320336759,1.02,0.037947331922020516,1.0,0.0,90.98400000000001,2.5901938151420247,595.26,19.456952484908825,0.8213549068131301,0.022162469615018665,0.18181833535820255,0.0038615304945686167,-0.5025082412591646,0.11835078160373973,39.50489400184739,3.11754161225992,0.018304082264101584,0.004105107408504723,22.501234472662155,2.1381465463537825,3527.702445142626,361.9747816710634,1.0,0.0,6.547140522875817,3.1503886662354303,23.648129901960786,8.259543378896845,0.946528488856204,0.05448371036609864,1.5058981008948673,0.0,1.809278021673275,0.24192831803418605,0.0,0.0,1.5058981008948673,0.0,1.809278021673275,0.24192831803418605,0.0,0.0,16.057639499999915,0.41272201779378553,0.01,0.0,,,,,,,0.0,0.0,,,,,,,,,,,,,,,0.0,0.0,0.0,0.0,ann_homeostasis_chronology,Хронология homeostatic ANN: V2 -> V3 -> V3.1,ann_homeostasis,chronology,ANN homeostatic V3 (frog_lib_ann_soft_sated_v3),ANN V3,frog_lib_ann_soft_sated_v3,ANN,ann_homeostasis,ann_homeostasis,32,,,,
ANN_SOFT_SATED_V3,developmental,1,5,17.0,0.0,1.02,0.0,1.0,0.0,91.628,1.9500810239577264,580.452,5.25577168453883,0.8288335499293018,0.012583106121271496,0.18390136900441698,0.000829521198948959,-0.43780813222527515,0.024544228181509288,36.59681087088448,1.2272248379071804,0.021020260696266245,0.001208660568529937,23.891742801699873,0.4866421921802249,3756.7112223418917,120.5132886052144,1.0,0.0,7.083529411764706,0.9937645039310652,27.63764705882353,4.968239723640264,0.9545465058823485,0.02335703931304106,,,1.94804840673681,0.19801398328660685,0.0,0.0,,,1.94804840673681,0.19801398328660685,0.0,0.0,16.227290599999925,0.397069668321698,0.01,0.0,,,,,,,0.0,0.0,,,,,,,,,,,,,,,0.0,0.0,0.0,0.0,ann_homeostasis_chronology,Хронология homeostatic ANN: V2 -> V3 -> V3.1,ann_homeostasis,chronology,ANN homeostatic V3 (frog_lib_ann_soft_sated_v3),ANN V3,frog_lib_ann_soft_sated_v3,ANN,ann_homeostasis,ann_homeostasis,32,,,,
ANN_SOFT_SATED_V3,developmental,2,5,17.2,0.4,1.032,0.02399999999999993,1.0,0.0,91.61,2.762057204331584,588.69,20.99561192249465,0.8216528666816657,0.009958220144725242,0.18541886192712517,0.0031836896878293564,-0.39476064184161747,0.09121632992117891,37.05876968543782,2.242863707618399,0.018791343143749584,0.0029656146237141134,23.67682632989214,0.793386077405569,3727.578410299598,171.90184648782446,1.0,0.0,7.636287581699347,2.5179579360661903,23.799183006535948,6.989177518521568,0.9354430369934615,0.036891452056388344,,,1.7503433566984037,0.15397225143930462,0.0,0.0,,,1.7503433566984037,0.15397225143930462,0.0,0.0,16.076517559999957,0.35617634535959086,0.01,0.0,,,,,,,0.0,0.0,,,,,,,,,,,,,,,0.0,0.0,0.0,0.0,ann_homeostasis_chronology,Хронология homeostatic ANN: V2 -> V3 -> V3.1,ann_homeostasis,chronology,ANN homeostatic V3 (frog_lib_ann_soft_sated_v3),ANN V3,frog_lib_ann_soft_sated_v3,ANN,ann_homeostasis,ann_homeostasis,32,,,,
ANN_SOFT_SATED_V3,developmental,3,5,17.0,0.6324555320336759,1.02,0.037947331922020516,1.0,0.0,90.67,3.887322986323619,586.762,11.85998887014654,0.8261165396436567,0.01046392950958243,0.1825578010417832,0.00709315078400117,-0.4862303201367624,0.2192899105631321,38.69104480549892,3.0043747514061203,0.018760496793941834,0.0033049595503804297,23.0510676020661,0.6715825795211114,3621.295460324784,132.30021865488558,1.0,0.0,9.136011437908497,3.33503765517317,28.61495751633987,6.9341066295252665,0.9584645865032645,0.043659952303407315,,,1.7919047824157914,0.2187098892932939,0.0,0.0,,,1.7919047824157914,0.2187098892932939,0.0,0.0,16.272079979999944,0.47563914132086155,0.01,0.0,,,,,,,0.0,0.0,,,,,,,,,,,,,,,0.0,0.0,0.0,0.0,ann_homeostasis_chronology,Хронология homeostatic ANN: V2 -> V3 -> V3.1,ann_homeostasis,chronology,ANN homeostatic V3 (frog_lib_ann_soft_sated_v3),ANN V3,frog_lib_ann_soft_sated_v3,ANN,ann_homeostasis,ann_homeostasis,32,,,,
ANN_SOFT_SATED_V3,developmental,4,5,17.6,0.4898979485566356,1.0559999999999998,0.029393876913398054,1.0,0.0,90.61,2.378613041249038,578.99,14.290379980952217,0.8253768051135937,0.007911488741214395,0.18780949996790852,0.0029589154044033453,-0.3258732296442927,0.08435318554786471,38.84294537552098,2.456182891838229,0.01715321009898233,0.0037430764515446187,22.6643265841154,1.3804477115221228,3531.6039156428596,248.63645505073723,1.0,0.0,5.732189542483661,2.3346661525428636,19.588490196078432,10.419776936727901,0.8988192328104587,0.046224268129476075,17.142857142857295,0.0,1.8528690401752559,0.23847303407081002,0.0,0.0,17.142857142857295,0.0,1.8528690401752559,0.23847303407081002,0.0,0.0,15.800542380000024,0.4986377924661552,0.01,0.0,,,,,,,0.0,0.0,,,,,,,,,,,,,,,0.0,0.0,0.0,0.0,ann_homeostasis_chronology,Хронология homeostatic ANN: V2 -> V3 -> V3.1,ann_homeostasis,chronology,ANN homeostatic V3 (frog_lib_ann_soft_sated_v3),ANN V3,frog_lib_ann_soft_sated_v3,ANN,ann_homeostasis,ann_homeostasis,32,,,,
ANN_SOFT_SATED_V3,developmental,5,5,16.6,1.019803902718557,0.9959999999999999,0.06118823416311341,1.0,0.0,99.172,9.160197377786137,586.9860000000001,17.317835430561196,0.8086404924988221,0.033478944142221606,0.17666097251500443,0.01260081950699951,-0.6907333768376919,0.4239150824774687,42.64171208072543,6.251208522900034,0.0174092147693198,0.002849752986503769,21.948088509727466,1.5220408577234619,3424.2305548941595,263.08064287069595,1.0,0.0,4.883114379084968,2.3761633996366545,21.83736111111111,9.499226606364722,0.9578229522173162,0.03950958746730892,1.0132852961045755,0.0,1.6537872955384052,0.36803144475075766,0.0,0.0,1.0132852961045755,0.0,1.6537872955384052,0.36803144475075766,0.0,0.0,15.864625519999937,0.5175800312989562,0.01,0.0,,,,,,,0.0,0.0,,,,,,,,,,,,,,,0.0,0.0,0.0,0.0,ann_homeostasis_chronology,Хронология homeostatic ANN: V2 -> V3 -> V3.1,ann_homeostasis,chronology,ANN homeostatic V3 (frog_lib_ann_soft_sated_v3),ANN V3,frog_lib_ann_soft_sated_v3,ANN,ann_homeostasis,ann_homeostasis,32,,,,
ANN_SOFT_SATED_V3,developmental,6,5,17.0,0.0,1.02,0.0,1.0,0.0,92.664,2.4108886328488888,592.0319999999999,8.867665758247789,0.8127177211223732,0.012016039069010047,0.18333037657626894,0.0024664452100234785,-0.4556274584047572,0.07388826147960328,37.48764059272199,3.6945231443239925,0.021499901493816545,0.0037148946888717078,23.408716116611302,1.1425367804321251,3669.275992388979,215.51972030950887,1.0,0.0,8.011764705882353,3.551272826061257,22.537058823529414,8.126610967257433,0.9490435694117665,0.020288171920029442,,,1.7058351256366773,0.09386087423839139,0.0,0.0,,,1.7058351256366773,0.09386087423839139,0.0,0.0,16.133740680000027,0.3448989226405009,0.01,0.0,,,,,,,0.0,0.0,,,,,,,,,,,,,,,0.0,0.0,0.0,0.0,ann_homeostasis_chronology,Хронология homeostatic ANN: V2 -> V3 -> V3.1,ann_homeostasis,chronology,ANN homeostatic V3 (frog_lib_ann_soft_sated_v3),ANN V3,frog_lib_ann_soft_sated_v3,ANN,ann_homeostasis,ann_homeostasis,32,,,,
ANN_SOFT_SATED_V3,developmental,7,5,17.0,0.6324555320336759,1.02,0.037947331922020516,1.0,0.0,92.028,3.1667737525753235,600.478,19.32342971627969,0.8073124937686467,0.026108011252014108,0.18258673443685985,0.004023164791590014,-0.4795362766525155,0.1219870359899326,38.356381208181666,3.171093744078418,0.019102508778111982,0.002587246423723966,23.121887936957187,1.769931123705491,3613.3217910455214,315.4031234033809,1.0,0.0,5.606956862745099,2.7485019436626876,20.62790277777778,9.063193655386632,0.9338537081535913,0.06103813084089699,3.7053540432391974,1.7841244563034402,1.5836979618407536,0.24952810429015998,0.0,0.0,3.7053540432391974,1.7841244563034402,1.5836979618407536,0.24952810429015998,0.0,0.0,15.837747619999936,0.5060873129523817,0.01,0.0,,,,,,,0.0,0.0,,,,,,,,,,,,,,,0.0,0.0,0.0,0.0,ann_homeostasis_chronology,Хронология homeostatic ANN: V2 -> V3 -> V3.1,ann_homeostasis,chronology,ANN homeostatic V3 (frog_lib_ann_soft_sated_v3),ANN V3,frog_lib_ann_soft_sated_v3,ANN,ann_homeostasis,ann_homeostasis,32,,,,
ANN_SOFT_SATED_V3,developmental,8,5,17.2,0.4,1.032,0.02399999999999993,1.0,0.0,91.412,1.7687781093172772,592.1020000000001,20.5967176025696,0.8286087085353241,0.009234733562386943,0.18380004198766894,0.00292384572842376,-0.44204661183516636,0.08496049142619702,39.42298185214433,1.6780954935500763,0.018851864572242392,0.0018351590793020621,22.6127892881027,1.0815647330412947,3541.217631174997,196.74180031992913,1.0,0.0,7.460915032679739,2.20625109868795,24.177901960784318,4.645399364331665,0.9431811903268018,0.03936214757451025,352.94117647058823,0.0,1.7882792019154266,0.14077240777339536,0.0,0.0,0.0,0.0,1.8064271988302796,0.1105276604454685,0.0,0.0,16.208728240000074,0.3930206485150501,0.01,0.0,,,,,,,0.0,0.0,,,,,,,,,,,,,,,0.0,0.0,0.0,0.0,ann_homeostasis_chronology,Хронология homeostatic ANN: V2 -> V3 -> V3.1,ann_homeostasis,chronology,ANN homeostatic V3 (frog_lib_ann_soft_sated_v3),ANN V3,frog_lib_ann_soft_sated_v3,ANN,ann_homeostasis,ann_homeostasis,32,,,,
ANN_SOFT_SATED_V3,developmental,9,5,16.8,1.469693845669907,1.008,0.08818163074019437,0.9888888888888889,0.022222222222222233,91.434,1.6207973346473625,576.5260000000001,7.104749397410172,0.8239771023009611,0.014852812874377012,0.1800198496393316,0.013673832471736154,-0.5899247704203878,0.4613688272037195,39.347142661787224,2.244225312712792,0.017557430572870993,0.0042915357668736375,22.890134512101405,1.5150399901483285,3571.1986175110214,274.4325967980636,1.0,0.0,6.022710550887021,1.5209253710747732,24.012931839402427,5.5071010862154015,0.965610337404299,0.08414457466640139,0.0,0.0,1.8188798071322716,0.2518937673752714,0.0,0.0,0.0,0.0,1.8437250420232778,0.283685017564242,0.0,0.0,16.10499260000006,0.47142002151485024,0.01,0.0,,,,,,,0.0,0.0,,,,,,,,,,,,,,,0.0,0.0,0.0,0.0,ann_homeostasis_chronology,Хронология homeostatic ANN: V2 -> V3 -> V3.1,ann_homeostasis,chronology,ANN homeostatic V3 (frog_lib_ann_soft_sated_v3),ANN V3,frog_lib_ann_soft_sated_v3,ANN,ann_homeostasis,ann_homeostasis,32,,,,
ANN_SOFT_SATED_V3_1,adult,0,5,30.0,8.555699854482976,1.8,0.5133419912689784,1.0,0.0,1.682,0.6885753408306168,250.132,136.26974593063568,2.581142497014051,0.7162804510822701,0.18094704796367994,0.016671722807523322,-0.5781129518834075,0.5614582373726608,31.40991467838499,11.38688739608344,0.01778953139111917,0.009282253503686359,9.201202139119745,1.0196235342862967,1418.4347253127125,157.7981127822357,1.0,0.0,1.9709885408708938,0.673904557908117,5.755577326929772,1.4476142239421368,0.5455425211115517,0.1574845835343043,2.1988604813435164,1.4479567722546312,1.6183184611049448,0.7162923828033462,2.000298295908293,0.42810160823714755,2.1988604813435164,1.4479567722546312,1.6183184611049448,0.7162923828033462,2.000298295908293,0.42810160823714755,15.066447419999985,0.44376192922767266,0.0,0.0,,,,,,,0.0,0.0,,,,,,,,,,,,,,,0.0,0.0,0.0,0.0,ann_homeostasis_chronology,Хронология homeostatic ANN: V2 -> V3 -> V3.1,ann_homeostasis,chronology,ANN homeostatic V3.1 (frog_lib_ann_soft_sated_v3_1),ANN V3.1,frog_lib_ann_soft_sated_v3_1,ANN,ann_homeostasis_final,ann_homeostasis,34,,,,
ANN_SOFT_SATED_V3_1,adult,1,5,25.2,4.664761515876241,1.512,0.2798856909525744,1.0,0.0,0.642,0.5384570549263887,240.388,81.03976934814166,2.5246209700090385,0.20681864571438102,0.1733134601840583,0.010901331571339738,-0.7924646312693037,0.35930680240273105,37.30935549947005,7.471067477304039,0.014847067511262649,0.011571519841826831,8.152939141214244,0.6260873807903923,1255.5771591424723,93.54326364743328,1.0,0.0,1.5313266457680252,0.5596901446944831,4.549498545716509,1.6526291488186917,0.61061305946232,0.11284539030335759,2.675561426633339,2.2504361821350063,1.0387225638690736,0.16335700946545814,2.246099138246676,0.6118688369224634,2.675561426633339,2.2504361821350063,1.0387225638690736,0.16335700946545814,2.246099138246676,0.6118688369224634,14.870371040000009,0.22161641093174791,0.0,0.0,,,,,,,0.0,0.0,,,,,,,,,,,,,,,0.0,0.0,0.0,0.0,ann_homeostasis_chronology,Хронология homeostatic ANN: V2 -> V3 -> V3.1,ann_homeostasis,chronology,ANN homeostatic V3.1 (frog_lib_ann_soft_sated_v3_1),ANN V3.1,frog_lib_ann_soft_sated_v3_1,ANN,ann_homeostasis_final,ann_homeostasis,34,,,,
ANN_SOFT_SATED_V3_1,adult,2,5,31.2,6.8527366796047255,1.8719999999999999,0.4111642007762836,1.0,0.0,1.532,2.1740781954658392,195.54000000000002,107.69723803329407,3.000438471106418,1.040715309165241,0.19012413843365214,0.005442596430573835,-0.26413615169613686,0.15428244657833368,29.418283959439066,7.417973892710011,0.01061306230262601,0.003971451961197213,9.083546668827733,1.2090024912803403,1388.9825698618868,185.20733166125186,1.0,0.0,1.7575862750017923,0.2418996921430462,5.8701852813852815,1.8210759805248926,0.505338669208272,0.11084551052931199,4.0693138037464776,4.179532574658664,1.5578713445594397,0.2651962518837057,2.0940205226188784,0.6142254963286754,4.0693138037464776,4.179532574658664,1.5578713445594397,0.2651962518837057,2.0940205226188784,0.6142254963286754,15.02955821999999,0.22139385404800965,0.0,0.0,,,,,,,0.0,0.0,,,,,,,,,,,,,,,0.0,0.0,0.0,0.0,ann_homeostasis_chronology,Хронология homeostatic ANN: V2 -> V3 -> V3.1,ann_homeostasis,chronology,ANN homeostatic V3.1 (frog_lib_ann_soft_sated_v3_1),ANN V3.1,frog_lib_ann_soft_sated_v3_1,ANN,ann_homeostasis_final,ann_homeostasis,34,,,,
ANN_SOFT_SATED_V3_1,adult,3,5,28.2,11.685888926393234,1.6919999999999997,0.7011533355835939,1.0,0.0,1.194,0.8398237910419065,213.794,42.64818945746701,2.580176619169958,0.690975926783181,0.17181187208213122,0.01971577756414172,-0.9063488509442266,0.7537414628036795,36.75558992299706,17.60712325421791,0.024558250492413218,0.013542032954105191,9.0017506123502,0.8526444750228979,1390.1269516805555,129.3957227052426,1.0,0.0,1.882919811548101,0.24896790097071278,5.408573525936429,0.754514432820397,0.6367252021539367,0.28508225865125614,0.7367812306727628,0.8152864930053506,1.2868720035669312,0.12384040819104324,2.1575511093427373,0.785874878070699,0.7367812306727628,0.8152864930053506,1.2868720035669312,0.12384040819104324,2.1575511093427373,0.785874878070699,14.943303900000046,0.13970418890568978,0.0,0.0,,,,,,,0.0,0.0,,,,,,,,,,,,,,,0.0,0.0,0.0,0.0,ann_homeostasis_chronology,Хронология homeostatic ANN: V2 -> V3 -> V3.1,ann_homeostasis,chronology,ANN homeostatic V3.1 (frog_lib_ann_soft_sated_v3_1),ANN V3.1,frog_lib_ann_soft_sated_v3_1,ANN,ann_homeostasis_final,ann_homeostasis,34,,,,
ANN_SOFT_SATED_V3_1,adult,4,5,33.2,10.322790320451151,1.9919999999999998,0.6193674192270691,1.0,0.0,0.8859999999999999,0.5498581635294687,173.794,104.95980270560726,3.135986597398543,0.5582059743310832,0.18602509569235895,0.01185536344360495,-0.3988938370592788,0.365775906078332,28.632481648908033,8.574778307178326,0.012151636983044134,0.007814156570507026,9.408208291990324,0.7010068914781326,1436.1331662268692,100.66514799839506,1.0,0.0,1.5530880952380952,0.29079854221470064,5.016245505910639,0.41290768557256347,0.49079468158384526,0.12937895041866712,0.9681323114156863,0.9681323114156863,1.8777256067382582,0.7976307747025247,2.150587378445021,0.6476500007131035,0.9681323114156863,0.9681323114156863,1.8777256067382582,0.7976307747025247,2.150587378445021,0.6476500007131035,15.015739520000078,0.21637991774299142,0.0,0.0,,,,,,,0.0,0.0,,,,,,,,,,,,,,,0.0,0.0,0.0,0.0,ann_homeostasis_chronology,Хронология homeostatic ANN: V2 -> V3 -> V3.1,ann_homeostasis,chronology,ANN homeostatic V3.1 (frog_lib_ann_soft_sated_v3_1),ANN V3.1,frog_lib_ann_soft_sated_v3_1,ANN,ann_homeostasis_final,ann_homeostasis,34,,,,
ANN_SOFT_SATED_V3_1,adult,5,5,29.6,11.271202242884296,1.7759999999999998,0.6762721345730577,1.0,0.0,16.716,11.99304565154323,178.5325,35.44240988914269,2.239264151061834,0.843644917046693,0.17632764165918716,0.028539763634743708,-0.8712719783199312,1.2378054749312972,40.322099956409566,30.424269106572048,0.024603961824583912,0.00838142885295908,8.72804179459898,1.2791374201172445,1321.9737358566654,183.6988298681183,1.0,0.0,1.6559921658986176,0.15281989763929746,5.273155858012123,0.8675312015426947,0.6905947212014375,0.49889293071145113,0.42935039285591087,0.0,1.4170692501280144,0.7807282111882626,2.0114485063154985,0.5594462958987924,0.42935039285591087,0.0,1.4170692501280144,0.7807282111882626,2.0114485063154985,0.5594462958987924,15.084551679999914,0.12294860292210764,0.0,0.0,,,,,,,0.0,0.0,,,,,,,,,,,,,,,0.0,0.0,0.0,0.0,ann_homeostasis_chronology,Хронология homeostatic ANN: V2 -> V3 -> V3.1,ann_homeostasis,chronology,ANN homeostatic V3.1 (frog_lib_ann_soft_sated_v3_1),ANN V3.1,frog_lib_ann_soft_sated_v3_1,ANN,ann_homeostasis_final,ann_homeostasis,34,,,,
ANN_SOFT_SATED_V3_1,adult,6,5,36.0,5.403702434442518,2.1599999999999997,0.32422214606655114,1.0,0.0,21.788,18.35904725196817,223.68800000000002,97.52511643674157,2.525352775485063,0.714050977339446,0.19519680020283084,0.002308827223935255,-0.12375347380466695,0.06076089007650144,24.129376912073734,4.897002827996147,0.018075693104645924,0.003797862771599384,9.470362796347903,0.5301793318550123,1438.117540848419,64.6383225538396,1.0,0.0,1.8475878306878308,0.38939404280093076,4.635260344788322,0.9201860521472097,0.42333839582966953,0.0674533961294926,1.9569365292782248,0.5794612061205802,1.9475868804160696,0.6606616732299236,2.4215662229165953,0.48850462047074944,1.9569365292782248,0.5794612061205802,1.9475868804160696,0.6606616732299236,2.4215662229165953,0.48850462047074944,14.880713839999952,0.20443818384373416,0.0,0.0,,,,,,,0.0,0.0,,,,,,,,,,,,,,,0.0,0.0,0.0,0.0,ann_homeostasis_chronology,Хронология homeostatic ANN: V2 -> V3 -> V3.1,ann_homeostasis,chronology,ANN homeostatic V3.1 (frog_lib_ann_soft_sated_v3_1),ANN V3.1,frog_lib_ann_soft_sated_v3_1,ANN,ann_homeostasis_final,ann_homeostasis,34,,,,
ANN_SOFT_SATED_V3_1,adult,7,5,39.4,13.60294085850556,2.364,0.8161764515103336,1.0,0.0,1.8980000000000001,1.3426898376021172,132.022,49.90536259762071,3.8255965981709465,1.1964653808568606,0.19059517201205672,0.009223111022602367,-0.2596434098069475,0.26718800371293255,25.44695417406335,9.652735119656853,0.01048541675146632,0.001086641126791132,8.942406113368543,0.5536402084039377,1358.0960715721897,71.35505043118009,1.0,0.0,1.3906513211382114,0.31487307293547206,3.6930476474099647,0.6565565243074407,0.4293825817765294,0.14680069892338365,1.8621056869627353,0.2756842619704121,1.3196545795579273,0.43773166011771464,3.057338587297768,0.9440085217295409,1.8621056869627353,0.2756842619704121,1.3196545795579273,0.43773166011771464,3.057338587297768,0.9440085217295409,14.974405139999998,0.30923796372618234,0.0,0.0,,,,,,,0.0,0.0,,,,,,,,,,,,,,,0.0,0.0,0.0,0.0,ann_homeostasis_chronology,Хронология homeostatic ANN: V2 -> V3 -> V3.1,ann_homeostasis,chronology,ANN homeostatic V3.1 (frog_lib_ann_soft_sated_v3_1),ANN V3.1,frog_lib_ann_soft_sated_v3_1,ANN,ann_homeostasis_final,ann_homeostasis,34,,,,
ANN_SOFT_SATED_V3_1,adult,8,5,39.0,17.216271373325874,2.34,1.0329762823995523,1.0,0.0,1.566,0.940225504865721,113.665,59.70559877431931,3.8555990006093728,1.830461103699565,0.1790950422283207,0.029748870861225424,-0.7948353679741363,1.2726897942085806,36.32894583493821,34.97141953222302,0.008910958256144222,0.0041157029982169845,8.88488963863848,1.3866907733721887,1357.5303302254126,196.01861627068186,1.0,0.0,1.9923180371352784,0.27921738833491,4.492557314555711,0.8837400177079957,0.600421394675909,0.5239900768709194,3.956168661328229,4.305545307693873,1.6762044613209106,0.7066615799182464,2.8353768094383147,0.8467073590098231,3.956168661328229,4.305545307693873,1.6762044613209106,0.7066615799182464,2.8353768094383147,0.8467073590098231,15.033562599999915,0.24662443683044324,0.0,0.0,,,,,,,0.0,0.0,,,,,,,,,,,,,,,0.0,0.0,0.0,0.0,ann_homeostasis_chronology,Хронология homeostatic ANN: V2 -> V3 -> V3.1,ann_homeostasis,chronology,ANN homeostatic V3.1 (frog_lib_ann_soft_sated_v3_1),ANN V3.1,frog_lib_ann_soft_sated_v3_1,ANN,ann_homeostasis_final,ann_homeostasis,34,,,,
ANN_SOFT_SATED_V3_1,adult,9,5,35.2,8.158431221748456,2.1119999999999997,0.4895058733049073,1.0,0.0,1.7580000000000002,1.195046442612169,140.43,71.12142152685082,3.422248225564124,0.5252529924770586,0.18727189432643856,0.009948206914601245,-0.35536630153947896,0.2927456769560623,26.01566564739114,5.97471281216299,0.00714954449775555,0.003647087226790987,9.059967885479102,0.636541697024705,1388.0710445394102,94.53049443949261,1.0,0.0,1.3694132936764516,0.20668488541586832,3.5512256524343284,0.42746092796322466,0.4449724232605591,0.09599060106923217,2.307614072377549,2.073277738881132,1.4318451446682383,0.46107872759705665,2.8479361586431517,0.5254132418875468,2.307614072377549,2.073277738881132,1.4318451446682383,0.46107872759705665,2.8479361586431517,0.5254132418875468,14.886078679999809,0.2098326715446593,0.0,0.0,,,,,,,0.0,0.0,,,,,,,,,,,,,,,0.0,0.0,0.0,0.0,ann_homeostasis_chronology,Хронология homeostatic ANN: V2 -> V3 -> V3.1,ann_homeostasis,chronology,ANN homeostatic V3.1 (frog_lib_ann_soft_sated_v3_1),ANN V3.1,frog_lib_ann_soft_sated_v3_1,ANN,ann_homeostasis_final,ann_homeostasis,34,,,,
ANN_SOFT_SATED_V3_1,developmental,0,5,44.6,4.963869458396343,2.6759999999999997,0.2978321675037805,0.99,0.020000000000000018,1.7919999999999998,0.596,145.07,43.578270273153336,3.4824867287873373,0.6492349244596575,0.19550790995538905,0.003098376511552356,-0.11618423665443207,0.08214028964488301,17.541624965740386,1.9325381719547274,0.011405595236022832,0.0030617162021097126,20.333506259556533,0.6894247194253866,3135.7700960306875,103.66237511269598,1.0,0.0,2.4315064807591664,0.18824675893094606,4.957937445203492,0.6157008607294888,0.3457285070475234,0.036298727158013355,,,2.029316040593027,0.372157404532076,2.91223978548762,0.3262396059653797,,,2.070924917153377,0.36382424560199567,2.9291031918957264,0.3030145379858146,15.240298660000008,0.14342020228543473,0.01,0.0,,,,,,,0.0,0.0,,,,,,,,,,,,,,,0.0,0.0,0.0,0.0,ann_homeostasis_chronology,Хронология homeostatic ANN: V2 -> V3 -> V3.1,ann_homeostasis,chronology,ANN homeostatic V3.1 (frog_lib_ann_soft_sated_v3_1),ANN V3.1,frog_lib_ann_soft_sated_v3_1,ANN,ann_homeostasis_final,ann_homeostasis,34,,,,
ANN_SOFT_SATED_V3_1,developmental,1,5,44.8,1.7204650534085253,2.6879999999999997,0.10322790320451147,0.9956521739130435,0.008695652173913038,1.3699999999999999,0.7687652437513027,137.79000000000002,31.060515771635213,3.681428211954498,0.5160838154882462,0.19608012740846745,0.001586434037875855,-0.10029025851207847,0.041328606451489315,17.24851730219134,0.7712350773409187,0.010681952433729316,0.0028501989905922857,20.795158014199217,0.48118056623029204,3196.014248353783,72.99607838737099,1.0,0.0,2.410613437542849,0.32137099079200654,5.452637846016662,0.9750688504920183,0.34137278744800703,0.011716789647065738,2.120141342756062,0.0,2.178803807453137,0.33692449368342237,2.8361342599775545,0.1644975890492255,2.120141342756062,0.0,2.178803807453137,0.33692449368342237,2.8518437393392375,0.18087997239015416,15.273759639999934,0.1306062001443126,0.01,0.0,,,,,,,0.0,0.0,,,,,,,,,,,,,,,0.0,0.0,0.0,0.0,ann_homeostasis_chronology,Хронология homeostatic ANN: V2 -> V3 -> V3.1,ann_homeostasis,chronology,ANN homeostatic V3.1 (frog_lib_ann_soft_sated_v3_1),ANN V3.1,frog_lib_ann_soft_sated_v3_1,ANN,ann_homeostasis_final,ann_homeostasis,34,,,,
ANN_SOFT_SATED_V3_1,developmental,2,5,36.4,2.5768197453450252,2.1839999999999997,0.15460918472070148,1.0,0.0,2.4560000000000004,1.5757360185005609,248.006,42.82288995385529,2.396519767299016,0.22376732460950224,0.1953558784025246,0.004077130730428427,-0.12110719175304066,0.10754093617790472,20.533734216534157,2.0222885992947877,0.013014713496236757,0.0033425356151204413,21.287823597436443,1.1069467877037766,3271.960387713658,164.30293009195742,1.0,0.0,2.834888463774612,0.5040413797182518,6.040131043543544,0.6603535728218715,0.42056940941103127,0.030660635218844986,,,2.4365132588464316,0.4264325815364111,2.1294350874241177,0.3100230348640679,,,2.4365132588464316,0.4264325815364111,2.1294350874241177,0.3100230348640679,15.230775299999824,0.11746596272035656,0.01,0.0,,,,,,,0.0,0.0,,,,,,,,,,,,,,,0.0,0.0,0.0,0.0,ann_homeostasis_chronology,Хронология homeostatic ANN: V2 -> V3 -> V3.1,ann_homeostasis,chronology,ANN homeostatic V3.1 (frog_lib_ann_soft_sated_v3_1),ANN V3.1,frog_lib_ann_soft_sated_v3_1,ANN,ann_homeostasis_final,ann_homeostasis,34,,,,
ANN_SOFT_SATED_V3_1,developmental,3,5,48.2,5.878775382679628,2.892,0.35272652296077756,1.0,0.0,4.542,4.324559630760108,203.138,35.28705110943673,3.3983061272650295,0.7761165617477094,0.1941958904000713,0.0036088679334597045,-0.15122023498150566,0.09584091235483813,15.898947743389703,2.058802105110425,0.012199961410989394,0.0028870169465845005,20.992399448673176,1.107745969854818,3234.110643043788,158.8158685933442,1.0,0.0,2.8324988013512042,0.4258860974246833,5.3991531251395575,0.532701197798577,0.32205921901122536,0.03609611719457247,,,1.8155999633723539,0.40136010801598193,3.156178320210801,0.48925741087776525,,,1.8155999633723539,0.40136010801598193,3.156178320210801,0.48925741087776525,15.313164319999851,0.19735998085875872,0.01,0.0,,,,,,,0.0,0.0,,,,,,,,,,,,,,,0.0,0.0,0.0,0.0,ann_homeostasis_chronology,Хронология homeostatic ANN: V2 -> V3 -> V3.1,ann_homeostasis,chronology,ANN homeostatic V3.1 (frog_lib_ann_soft_sated_v3_1),ANN V3.1,frog_lib_ann_soft_sated_v3_1,ANN,ann_homeostasis_final,ann_homeostasis,34,,,,
ANN_SOFT_SATED_V3_1,developmental,4,5,47.6,9.971960689854328,2.856,0.5983176413912595,0.9961538461538462,0.007692307692307709,3.214,1.8909214684909579,166.75799999999998,46.13971018547906,3.955437525460431,0.939648086814657,0.18918492028927053,0.005959086025088409,-0.2911208409209426,0.16788841324850526,16.76554584733318,3.9859146059952417,0.01234726668132686,0.002321267134471231,21.013131899117973,0.6962891811318513,3244.509885546394,110.44484098018091,1.0,0.0,2.5559585780598715,0.18889310428823713,5.280993057510085,0.4031853405094932,0.3365113028956809,0.07188692867329816,0.0,0.0,1.6478323670383552,0.27024302702218933,3.2884773169468255,0.8392770124769371,0.0,0.0,1.6478323670383552,0.27024302702218933,3.3030321218518055,0.8408058399942331,15.306368400000247,0.17529601725629076,0.01,0.0,,,,,,,0.0,0.0,,,,,,,,,,,,,,,0.0,0.0,0.0,0.0,ann_homeostasis_chronology,Хронология homeostatic ANN: V2 -> V3 -> V3.1,ann_homeostasis,chronology,ANN homeostatic V3.1 (frog_lib_ann_soft_sated_v3_1),ANN V3.1,frog_lib_ann_soft_sated_v3_1,ANN,ann_homeostasis_final,ann_homeostasis,34,,,,
ANN_SOFT_SATED_V3_1,developmental,5,5,48.2,10.979981785048643,2.892,0.6587989071029184,1.0,0.0,20.144,7.764376600861141,171.848,44.86230952592611,3.2752527666299143,0.60137613301912,0.19516328998357294,0.004854842329003824,-0.12718778667737463,0.1316036190238439,16.38821141865081,2.8234638628999513,0.012840298736176125,0.0038535479347422017,20.778714739417744,1.0979938486862293,3208.980588735488,169.64134370317575,1.0,0.0,2.892734035353672,0.2565183990757607,5.765503195311022,0.9721205654525321,0.3305255718369141,0.05584594281801005,,,3.719402218783389,3.3429876695784486,3.103948212207826,0.6924251944594829,,,3.719402218783389,3.3429876695784486,3.103948212207826,0.6924251944594829,15.320887640000091,0.1533718567205693,0.01,0.0,,,,,,,0.0,0.0,,,,,,,,,,,,,,,0.0,0.0,0.0,0.0,ann_homeostasis_chronology,Хронология homeostatic ANN: V2 -> V3 -> V3.1,ann_homeostasis,chronology,ANN homeostatic V3.1 (frog_lib_ann_soft_sated_v3_1),ANN V3.1,frog_lib_ann_soft_sated_v3_1,ANN,ann_homeostasis_final,ann_homeostasis,34,,,,
ANN_SOFT_SATED_V3_1,developmental,6,5,42.4,13.047605144240073,2.5439999999999996,0.7828563086544044,0.9957446808510639,0.008510638297872353,12.306000000000001,4.770507729791452,221.978,58.696791530713156,2.951448384028535,0.5742760832836923,0.1886980542821179,0.007968031546126178,-0.30921009230685986,0.23081106439420493,20.120475114086737,7.057306434748996,0.013288382057894673,0.003374281121176475,20.524251499083668,1.8532792259495978,3166.934327305352,276.21417036257884,1.0,0.0,2.5892075889032693,0.5266119882241524,5.738252523384867,0.3550851101482206,0.3903405823992311,0.10558672837462209,1.414479682466356,0.04929196915590106,2.5623383228136154,2.066824131624515,2.863051235885779,0.5928196661362849,1.414479682466356,0.04929196915590106,2.5623383228136154,2.066824131624515,2.8786817309817225,0.6005293833273633,15.229964940000082,0.3346835641793701,0.01,0.0,,,,,,,0.0,0.0,,,,,,,,,,,,,,,0.0,0.0,0.0,0.0,ann_homeostasis_chronology,Хронология homeostatic ANN: V2 -> V3 -> V3.1,ann_homeostasis,chronology,ANN homeostatic V3.1 (frog_lib_ann_soft_sated_v3_1),ANN V3.1,frog_lib_ann_soft_sated_v3_1,ANN,ann_homeostasis_final,ann_homeostasis,34,,,,
ANN_SOFT_SATED_V3_1,developmental,7,5,49.2,7.467261881037787,2.9519999999999995,0.44803571286226723,1.0,0.0,3.918,0.6773595795439818,145.322,32.408326337532465,3.7488856818183423,0.6082730417963857,0.19352529595056497,0.003033684663993644,-0.1685385673207523,0.08009153880694873,15.549660463234607,2.127795023667171,0.012905919568015803,0.0018231121418351834,21.29603441038172,0.4122168509632102,3278.7285922899123,63.14589435062206,1.0,0.0,2.816534092431151,0.27079453529425873,5.486928895898535,0.24781871642974937,0.31547367219202466,0.04381289762102512,,,2.170406705047953,0.2157976777257184,3.0956154083613416,0.5186044608722672,,,2.170406705047953,0.2157976777257184,3.0956154083613416,0.5186044608722672,15.196982540000045,0.08743795313999997,0.01,0.0,,,,,,,0.0,0.0,,,,,,,,,,,,,,,0.0,0.0,0.0,0.0,ann_homeostasis_chronology,Хронология homeostatic ANN: V2 -> V3 -> V3.1,ann_homeostasis,chronology,ANN homeostatic V3.1 (frog_lib_ann_soft_sated_v3_1),ANN V3.1,frog_lib_ann_soft_sated_v3_1,ANN,ann_homeostasis_final,ann_homeostasis,34,,,,
ANN_SOFT_SATED_V3_1,developmental,8,5,47.0,5.253570214625479,2.8199999999999994,0.3152142128775287,1.0,0.0,1.668,0.4846194383224842,155.13,29.335401139237895,3.7862995928957206,0.2628122835299664,0.1977337413979322,0.0014347768014567044,-0.057573652024884826,0.036912691526845995,16.522030033177778,2.6041864609915177,0.00999418163507602,0.0036569795723989007,20.867114952989542,1.0966855753005313,3207.2439248107426,165.88068427106668,1.0,0.0,2.890602621939464,0.4728749575754572,5.499693010137316,0.3755387951547358,0.3288440797071207,0.037619516018166294,2.0226991796829146,0.0,2.0826694347197527,0.48389346907348035,3.08335020044257,0.38182868026928857,2.0226991796829146,0.0,2.0826694347197527,0.48389346907348035,3.08335020044257,0.38182868026928857,15.262041879999924,0.18834432294922698,0.01,0.0,,,,,,,0.0,0.0,,,,,,,,,,,,,,,0.0,0.0,0.0,0.0,ann_homeostasis_chronology,Хронология homeostatic ANN: V2 -> V3 -> V3.1,ann_homeostasis,chronology,ANN homeostatic V3.1 (frog_lib_ann_soft_sated_v3_1),ANN V3.1,frog_lib_ann_soft_sated_v3_1,ANN,ann_homeostasis_final,ann_homeostasis,34,,,,
ANN_SOFT_SATED_V3_1,developmental,9,5,40.0,3.03315017762062,2.4,0.1819890106572372,1.0,0.0,3.0580000000000003,1.9918975877288472,189.228,63.508727085338435,3.01574779081672,0.6229623932853382,0.1971030545194717,0.002423374404246336,-0.07425782814385692,0.06260789693342704,19.264391497513657,2.601870940092704,0.010821331920939944,0.0026771130892235904,21.145186387116617,1.0945036172680944,3250.14013120855,168.37719442146346,1.0,0.0,2.596328331601458,0.3978676370432752,5.404471544715447,1.1223802382783545,0.3822400206640691,0.028852848172692066,3.6832412523020825,0.0,3.0775596696805296,1.5606283664350566,2.4658538128697467,0.12454943406513658,3.6832412523020825,0.0,3.0775596696805296,1.5606283664350566,2.4658538128697467,0.12454943406513658,15.20329329999995,0.22612053159031623,0.01,0.0,,,,,,,0.0,0.0,,,,,,,,,,,,,,,0.0,0.0,0.0,0.0,ann_homeostasis_chronology,Хронология homeostatic ANN: V2 -> V3 -> V3.1,ann_homeostasis,chronology,ANN homeostatic V3.1 (frog_lib_ann_soft_sated_v3_1),ANN V3.1,frog_lib_ann_soft_sated_v3_1,ANN,ann_homeostasis_final,ann_homeostasis,34,,,,
